-- phpMyAdmin SQL Dump
-- version 4.8.3
-- https://www.phpmyadmin.net/
--
-- Host: 127.0.0.1
-- Generation Time: Apr 08, 2025 at 12:31 PM
-- Server version: 10.1.36-MariaDB
-- PHP Version: 7.0.32

SET SQL_MODE = "NO_AUTO_VALUE_ON_ZERO";
SET AUTOCOMMIT = 0;
START TRANSACTION;
SET time_zone = "+00:00";


/*!40101 SET @OLD_CHARACTER_SET_CLIENT=@@CHARACTER_SET_CLIENT */;
/*!40101 SET @OLD_CHARACTER_SET_RESULTS=@@CHARACTER_SET_RESULTS */;
/*!40101 SET @OLD_COLLATION_CONNECTION=@@COLLATION_CONNECTION */;
/*!40101 SET NAMES utf8mb4 */;

--
-- Database: `cloth_design_database`
--

-- --------------------------------------------------------

--
-- Table structure for table `products`
--

CREATE TABLE `products` (
  `id` int(11) NOT NULL,
  `url` varchar(255) DEFAULT NULL,
  `name` varchar(255) DEFAULT NULL,
  `price` decimal(10,2) DEFAULT NULL,
  `size` text,
  `availability` text,
  `description` text,
  `image` varchar(500) DEFAULT NULL
) ENGINE=InnoDB DEFAULT CHARSET=utf8mb4;

-- --------------------------------------------------------

--
-- Table structure for table `product_description`
--

CREATE TABLE `product_description` (
  `Product_description` text NOT NULL,
  `Product_link` varchar(191) NOT NULL
) ENGINE=InnoDB DEFAULT CHARSET=utf8mb4;

--
-- Dumping data for table `product_description`
--

INSERT INTO `product_description` (`Product_description`, `Product_link`) VALUES
('\'Product Details:\nTwo-Piece Stitched:\n\n\nShirt:Embroidered marina shirt\n\n\nTrouser:Marina trouser\n\n\n \nDescription:\nLuxurious maroon embroidered suit crafted from soft Marina fabric, blending warmth with elegance. Intricate thread work elevates the classic color, making it perfect for winter gatherings. Embrace style and comfort in one stunning ensemble.\nNote: \nActual colors may vary slightly from the image shown.\'', 'https://www.noura.com.pk/products/2-zahrah-embroidered-suit'),
('\'Product Details:\nColor:\n\nGreen\n\nTwo-Piece Stitched:\n\n\nShirt:Embroidered Khaddar shirt\n\n\nTrouser:Khaddar trouser\n\n\n \nDescription:\nElegant green embroidered suit in warm Khaddar, paired with a beautifully embroidered Khaddar shawl. Perfect for a classic winter look with refined charm.\nNote: \nActual colors may vary slightly from the image shown.\'', 'https://www.noura.com.pk/products/aashna-embroidered-suit'),
('\'Product Details:\nTwo-Piece Stitched:\n\n\nShirt:Embroidered lawn shirt\n\n\nTrouser:Lawn trouser\n\n\n \nDescription:\nIndulge in royal elegance with our purple embroidered lawn shalwar kameez. The rich purple hue is beautifully enhanced by delicate embroidery on neck, sleeves and sidelines of the shirt, creating a captivating ensemble that exudes sophistication and grace. \nNote: \nActual colors may vary slightly from the image shown.\'', 'https://www.noura.com.pk/products/alaya-2pc-embroidered-suit'),
('\'Product Details:\nBaby pink organza dupatta accentuated with beautiful embroidery.\nNote: \n Actual colors may vary slightly from the image shown.\'', 'https://www.noura.com.pk/products/baby-pink-embroided-dupatta'),
('\'Product Details:\nTwo-Piece Stitched:\n\n\nShirt:Embroidered lawn shirt\n\n\nTrouser:Embroidered lawn trouser\n\n\n \nDescription:\nThe warm, neutral beige fabric is beautifully contrasted by rich maroon embroidery on the neck, sleeves, and side slits of the shirt. Elevate your style effortlessly by pairing the shirt with minimally embroidered trousers.\nNote: \nActual colors may vary slightly from the image shown.\'', 'https://www.noura.com.pk/products/beige-embroidered-lawn-suit'),
('\'Product Details:\nTwo-Piece Stitched:\n\n\nShirt:Embroidered lawn shirt\n\n\nTrouser:Embroidered lawn trouser\n\n\n \nDescription:\nElevate your elegance with our black-on-black embroidered shalwar kameez. This stunning ensemble features intricate black embroidery on luxurious black fabric, creating a subtle yet sophisticated look. Perfect for any occasion, this outfit exudes timeless grace and modern allure, making a powerful statement with its understated beauty.\nNote: \nActual colors may vary slightly from the image shown.\'', 'https://www.noura.com.pk/products/black-bird-2pc-embroidered-suit'),
('\'Product Details:\nBlack organza dupatta accentuated with beautiful white embroidery.\nNote: \n Actual colors may vary slightly from the image shown.\'', 'https://www.noura.com.pk/products/black-embroided-dupatta'),
('\'Product Details:\nColor:\n\nBlack\n\nTwo-Piece Stitched:\n\n\nShirt:Embroidered lawn shirt\n\n\nTrouser:Embroidered lawn trouser\n\n\n \nDescription:\nEmbrace the allure of sophistication with our black embroidered shalwar kameez. This features an embroidered neck design and shirt\'s side slits along with beautifully embroidered sleeves. Pair this shirt with embroidered trousers which makes it a perfect choice for any occasion.\nNote: \nActual colors may vary slightly from the image shown.\'', 'https://www.noura.com.pk/products/black-n-white-embroided-suit'),
('\'Product Details:\nColor:\n\nDark Purple\n\nTwo-Piece Stitched:\n\n\nShirt:Embroidered lawn shirt\n\n\nTrouser:Embroidered lawn trouser\n\n\n \nDescription:\nIndulge in regal elegance with our dark purple lawn shalwar kameez, exquisitely adorned with light purple embroidery. The rich dark purple fabric provides a luxurious backdrop for the delicate light purple patterns on shirt, sleeves and trousers, creating a harmonious blend of depth and grace.\nNote: \nActual colors may vary slightly from the image shown.\'', 'https://www.noura.com.pk/products/daisy-2pc-3pc-embroidered-suit'),
('\'Product Details:\nDark purple chiffon dupatta accentuated with beautiful white embroidery on sides.\nNote: \n Actual colors may vary slightly from the image shown.\'', 'https://www.noura.com.pk/products/daisy-embroidered-dupatta'),
('\'Product Details:\nColor:\n\nBaby pink \n\nTwo-Piece Stitched:\n\n\nShirt:Embroidered lawn shirt\n\n\nTrouser:Embroidered lawn trouser\n\n\n\n\n\nDescription:\nDelight in the delicate charm of our baby pink embroidered shalwar kameez, adorned with an exquisite curvy embroidered neck design with embroidered sleeves, pairing up the shirt with classic trousers. Ideal for celebrating special moments with a timeless touch.\nNote: \nActual colors may vary slightly from the image shown.\'', 'https://www.noura.com.pk/products/daneen'),
('\'Product Details:\nWhite organza dupatta accentuated with beautiful black embroidery.\nNote: \n Actual colors may vary slightly from the image shown.\'', 'https://www.noura.com.pk/products/dark-blue-embroided-dupatta'),
('\'Product Details:\nTwo-Piece Stitched:\n\n\nShirt:Embroidered lawn shirt\n\n\nTrouser:Embroidered lawn trouser\n\n\n \nDescription:\nA Dark blue outfit is accentuated with a purple embroidered neck design and elegant embroidery on the back. The embroidered bottom line on the shirt and sleeves and a simple sleek trouser make it a perfect fit for you this season. Elevate your style effortlessly with timeless elegance and unparalleled comfort.\nNote: \nActual colors may vary slightly from the image shown.\'', 'https://www.noura.com.pk/products/dark-blue-embroided-suit-2pc'),
('\'Product Details:\nColor:\n\nMint Gray\n\nTwo-Piece Stitched:\n\n\nShirt:Embroidered lawn shirt\n\n\nTrouser:Embroidered lawn trouser\n\n\n \nDescription:\nEmbrace refined elegance with our grey and mint embroidered lawn shalwar kameez. The soft grey fabric is beautifully contrasted by delicate mint embroidery, creating a harmonious blend of sophistication and freshness. Perfect for warm days and special occasions, this ensemble offers a breezy, stylish look that captures timeless charm and contemporary flair.\nNote: \nActual colors may vary slightly from the image shown.\'', 'https://www.noura.com.pk/products/deena-2pc-3pc-embroidered-suit'),
('\'Product Details:\nGrey Chiffon dupatta beautifully accentuated. \nNote:\n Actual colors may vary slightly from the image shown.\'', 'https://www.noura.com.pk/products/deena-dupatta'),
('\'Product Details:\nColor:\n\nTeal\n\nTwo-Piece Stitched:\n\n\nShirt:Embroidered lawn shirt\n\n\nTrouser:Embroidered lawn trouser\n\n\n \nDescription:\nImmerse yourself in serene sophistication with our teal shalwar kameez, exquisitely embroidered with shades of teal and light blue. The intricate embroidery on shirt and sleeves adds a touch of artistry, making it ideal for any occasion where you wish to stand out with effortless grace and style.\nNote: \nActual colors may vary slightly from the image shown.\'', 'https://www.noura.com.pk/products/eraya-2pc-3pc-embroidered-suit'),
('\'Product Details:\nTwo-Piece Stitched:\n\n\nShirt:Marina shirt\n\n\nTrouser:Marina trouser\n\n\n \nDescription:\nTimeless beige co-ord set in cozy Marina fabric, combining understated elegance with ultimate comfort. A versatile choice for a polished winter look.\nNote: \nActual colors may vary slightly from the image shown.\'', 'https://www.noura.com.pk/products/ezel-embroidered-suit'),
('\'Product Details:\nColor:\n\nArmy-Green\n\nTwo-Piece Stitched:\n\n\nShirt:Embroidered marina shirt\n\n\nTrouser:Marina trouser\n\n\n \nDescription:\nChic army-green embroidered suit in soft Marina fabric, complemented by a beautifully embroidered Marina shawl. Effortlessly stylish and cozy, perfect for winter elegance.\nNote: \nActual colors may vary slightly from the image shown.\'', 'https://www.noura.com.pk/products/ghazel-embroidered-suit'),
('\'Product Details:\nColor:\n\nGreen\n\nTwo-Piece Stitched:\n\n\nShirt:Embroidered lawn shirt\n\n\nTrouser:Embroidered lawn trouser\n\n\n \nDescription:\nEmbrace the essence of nature with our green embroidered shalwar kameez. This enchanting ensemble features a rich green hue adorned with intricate embroidery on sleeves followed up with a button-down neck design and pairing it with an elegant embroidered trouser.\nNote: \nActual colors may vary slightly from the image shown.\'', 'https://www.noura.com.pk/products/green-embroidered-lawn-suit'),
('\'Product Details:\nTwo-Piece Stitched:\n\n\nShirt:Embroidered lawn shirt\n\n\nTrouser:Lawn trouser\n\n\n \nDescription:\nStep into serene elegance with our ice blue embroidered shalwar kameez. The cool, soothing hue is beautifully complemented by delicate embroidery on the neck and sleeves of the shirt. Pair up with sleek trousers which create a look that is both refreshing and sophisticated.\nNote: \nActual colors may vary slightly from the image shown.\'', 'https://www.noura.com.pk/products/ice-blue-embroidered-lawn-suit'),
('\'Product Details:\nTwo-Piece Stitched:\n\n\nShirt:Embroidered Khaddar shirt\n\n\nTrouser:Embroidered Khaddar trouser\n\n\n \nDescription:\nElegant purple embroidered suit in cozy Khaddar, blending warmth with vibrant artistry. Perfect for a graceful winter look with a touch of tradition.\nNote: \nActual colors may vary slightly from the image shown.\'', 'https://www.noura.com.pk/products/mahpara-embroidered-suit'),
('\'Product Details:\nColor:\n\nMaroon\n\nTwo-Piece Stitched:\n\n\nShirt:Embroidered lawn shirt\n\n\nTrouser:Embroidered lawn trouser\n\n\n \nDescription:\nEmbrace the allure of sophistication with our Maroon embroidered shalwar kameez. This features an embroidered neck design and shirt\'s side slits along with beautifully embroidered sleeves. Pair this shirt with embroidered trousers which makes it a perfect choice for any occasion.\nNote: \nActual colors may vary slightly from the image shown.\'', 'https://www.noura.com.pk/products/maroon-embroidered-suit-2pc-3pc'),
('\'Product Details:\nColor:\n\nTeal\n\nTwo-Piece Stitched:\n\n\nShirt:Embroidered lawn shirt\n\n\nTrouser:Embroidered lawn trouser\n\n\n \nDescription:\nEmbrace the allure of sophistication with our teal embroidered shalwar kameez. This features an embroidered neck design and shirt\'s side slits along with beautifully embroidered sleeves. Pair this shirt with embroidered trousers which makes it a perfect choice for any occasion.\nNote: \nActual colors may vary slightly from the image shown.\'', 'https://www.noura.com.pk/products/miran-2pc-3pc-embroidered-suit'),
('\'Product Details:\nTwo-Piece Stitched:\n\n\nShirt:Embroidered lawn shirt\n\n\nTrouser:Embroidered lawn trouser\n\n\n \nDescription:\nExperience the perfect blend of tradition and convenience with our maroon embroidered shalwar kameez, featuring practical pockets. The rich maroon fabric is adorned with intricate embroidery, exuding elegance and cultural charm. Ideal for any occasion, this stylish ensemble combines timeless beauty with modern functionality.\nNote: \nActual colors may vary slightly from the image shown.\'', 'https://www.noura.com.pk/products/mulberry'),
('\'Product Details:\nTwo-Piece Stitched:\n\n\nShirt:Embroidered marina shirt\n\n\nTrouser:Embroidered marina trouser\n\n\n \nDescription:\nBright and beautiful yellow embroidered suit in cozy Marina fabric. Designed to bring warmth and a pop of color to your winter style with effortless elegance.\nNote: \nActual colors may vary slightly from the image shown.\'', 'https://www.noura.com.pk/products/naaz-embroidered-suit'),
('\'Product Details:\nTwo-Piece Stitched:      \n\n\nShirt:Embroidered Khaddar shirt\n\n\nTrouser:Embroidered Khaddar trouser\n\n\n \nDescription:\nRefined olive-green embroidered suit in cozy Khaddar, blending earthy elegance with winter warmth. A timeless choice for graceful style.\nNote: \nActual colors may vary slightly from the image shown.\'', 'https://www.noura.com.pk/products/nashwa-embroidered-suit-2pc'),
('\'Product Details:\nTwo-Piece Stitched:\n\n\nShirt:Embroidered marina shirt\n\n\nTrouser:Marina trouser \n\nDescription:\nElegant black embroidered suit in luxurious Marina fabric, blending warmth with intricate artistry. A timeless choice for sophisticated winter wear, crafted to leave a lasting impression.\n Note: \nActual colors may vary slightly from the image shown.\'', 'https://www.noura.com.pk/products/parisa-embroidered-suit'),
('\'Product Details:\nGreen organza dupatta accentuated with beautiful embroidery.\nNote: \n Actual colors may vary slightly from the image shown.\'', 'https://www.noura.com.pk/products/pink-embroided-dupatta'),
('\'Product Details:\nColor:\n\nMaroon\n\nTwo-Piece Stitched:\n\n\nShirt:Embroidered lawn shirt\n\n\nTrouser:Embroidered lawn trouser\n\n\n \nDescription:\nA maroon outfit with a beautiful embroidered neck design along with minimal embroidery on the whole shirt with embroidered sleeves makes this outfit beautiful. Pair up this shirt with sleek trousers to make it an elegant fit.  Elevate your style effortlessly this summer.\nNote: \nActual colors may vary slightly from the image shown.\'', 'https://www.noura.com.pk/products/pink-embroided-suit-2pc'),
('\'Product Details:\nColor:\n\nTeal\n\nTwo-Piece Stitched:\n\n\nShirt:Embroidered Khaddar shirt\n\n\nTrouser:Khaddar trouser\n\n\n \nDescription:\nStunning teal embroidered suit in cozy Khaddar, paired with a beautifully embroidered organza dupatta. A perfect blend of warmth and elegance for winter.\nNote: \nActual colors may vary slightly from the image shown.\'', 'https://www.noura.com.pk/products/shayna-embroidered-suit'),
('\'Product Details:\nMaroon organza dupatta accentuated with beautiful embroidery.\nNote: \n Actual colors may vary slightly from the image shown.\'', 'https://www.noura.com.pk/products/teal-embroided-dupatta'),
('\'Product Details:\nTwo-Piece Stitched:\n\n\nShirt:Embroidered lawn shirt\n\n\nTrouser:Embroidered lawn trouser\n\n\n \nDescription:\nThe rich, vibrant teal is adorned with intricate minimal embroidery on the shirt with a button-down neck, and embroidered cut sleeves make it more alluring. Embroidered trouser makes it a perfect outfit for any occassion. \nNote: \nActual colors may vary slightly from the image shown.\'', 'https://www.noura.com.pk/products/teal-embroided-suit'),
('\'Product Details:\nTwo-Piece Stitched:\n\n\nShirt:Embroidered khaddar shirt\n\n\nTrouser:Embroidered khaddar trouser\n\n\n \nDescription:\nElegant sea green suit in cozy Khaddar, adorned with delicate embroidery that adds a hint of charm. Perfectly tailored for warmth and style, this outfit brings timeless grace to any winter occasion.\n Note: \nActual colors may vary slightly from the image shown.\'', 'https://www.noura.com.pk/products/vani-embroidered-suit'),
('\'Product Details:\nColor:\n\nWhite\n\nTwo-Piece Stitched:\n\n\nShirt:Embroidered lawn shirt\n\n\nTrouser:Embroidered lawn trouser\n\n\n \nNote: \n\nWhite is slightly see-through.\n\nActual colors may vary slightly from the image shown.\n\n\nDescription:\nRadiate pure elegance in our white embroidered shalwar kameez. The pristine white fabric is adorned with intricate embroidery on elasticated cuffs with a simple embroidered neck design, making it both simple and elegant. Pair up embroidered matched trousers to make it a fit.\'', 'https://www.noura.com.pk/products/white-2pc-3pc-embroidered-suit'),
('\'Product Details:\nColor:\n\nWhite\n\nTwo-Piece Stitched:\n\n\nShirt:Embroidered lawn shirt\n\n\nTrouser:Embroidered lawn trouser\n\n\n \nNote: \n\nWhite is slightly see-through.\n\nActual colors may vary slightly from the image shown.\n\n\nDescription:\nRadiate pure elegance in our white embroidered shalwar kameez. The pristine white fabric is adorned with intricate embroidery on elasticated cuffs with a simple neck design, making it both simple and elegant. Pair up embroidered matched trousers to make it a fit.\'', 'https://www.noura.com.pk/products/white-embroided-lawn-suit'),
('\'Product Details:\nTwo-Piece Stitched:\n\n\nShirt:Embroidered marina shirt\n\n\nTrouser:Marina trouser\n\n\n \nDescription:\nLuxurious black embroidered suit crafted from soft Marina fabric, blending warmth with elegance. Intricate thread work elevates the classic color, making it perfect for winter gatherings. Embrace style and comfort in one stunning ensemble.\nNote:\nActual colors may vary slightly from the image shown.\'', 'https://www.noura.com.pk/products/zahrah-embroidered-suit-2pc-black'),
('\'Product Details:\nBlack chiffon dupatta accentuated with minimal embroidery.\nNote: \n Actual colors may vary slightly from the image shown.\'', 'https://www.noura.com.pk/products/zaria-embroidered-dupatta'),
('\'Product Details:\nTwo-Piece Stitched:      \n\n\nShirt:Embroidered marina shirt\n\n\nTrouser:Embroidered marina trouser\n\n\n \nDescription:\nElegant dark-blue embroidered suit in soft Marina fabric, combining cozy warmth with timeless sophistication for winter style.\nNote: \nActual colors may vary slightly from the image shown.\'', 'https://www.noura.com.pk/products/zeena-embroidered-suit-2pc-1'),
('\'Product Details:\nTwo-Piece Stitched:      \n\n\nShirt:Embroidered Marina shirt\n\n\nTrouser:Marina trouser\n\n\n \nDescription:\nChic teal embroidered suit in soft Marina fabric, combining warmth with a vibrant touch. Perfect for adding elegance to your winter wardrobe.\nNote: \nActual colors may vary slightly from the image shown.\'', 'https://www.noura.com.pk/products/zinnia-embroidered-suit'),
('\'Product Details:\nColor:\n\nBlack\n\nTwo-Piece Stitched:\n\n\nShirt:Embroidered lawn shirt\n\n\nTrouser:Embroidered lawn trouser\n\n\n \nDescription:\nElegance meets contrast in our black shalwar kameez with white embroidery. The deep, rich black fabric is exquisitely adorned with intricate white patterns, creating a striking ensemble that exudes timeless sophistication and modern charm. Perfect for making a statement at any occasion\nNote: \nActual colors may vary slightly from the image shown.\'', 'https://www.noura.com.pk/products/zoe-2pc-3pc-embroidered-suit'),
('\'Product Details:\nWhite Chiffon dupatta accentuated with minimal black embroidery.\nNote: \n Actual colors may vary slightly from the image shown.\'', 'https://www.noura.com.pk/products/zoe-embroidered-dupatta');

-- --------------------------------------------------------

--
-- Table structure for table `product_detail`
--

CREATE TABLE `product_detail` (
  `Product_id` int(11) NOT NULL,
  `Product_name` varchar(191) NOT NULL,
  `Product_price` varchar(191) NOT NULL,
  `Product_size` varchar(191) NOT NULL,
  `Product_link` varchar(191) NOT NULL,
  `Product_image` text NOT NULL
) ENGINE=InnoDB DEFAULT CHARSET=utf8mb4;

--
-- Dumping data for table `product_detail`
--

INSERT INTO `product_detail` (`Product_id`, `Product_name`, `Product_price`, `Product_size`, `Product_link`, `Product_image`) VALUES
(1, '\'Baby Pink Embroidered Dupatta\'', 'Regular price\n\n          Rs.1,150.00 PKR', 'Color\n\n\n      Baby PinkVariant sold out or unavailable,Material\n\n\n      OrganzaVariant sold out or unavailable', 'https://www.noura.com.pk/products/baby-pink-embroided-dupatta', '//www.noura.com.pk/cdn/shop/files/Noura-42-2_0d49ecfe-4cef-47a1-a3ec-850d3d1fb0e3.jpg?v=1716400675&width=246 246w, //www.noura.com.pk/cdn/shop/files/Noura-42-2_0d49ecfe-4cef-47a1-a3ec-850d3d1fb0e3.jpg?v=1716400675&width=493 493w, //www.noura.com.pk/cdn/shop/files/Noura-42-2_0d49ecfe-4cef-47a1-a3ec-850d3d1fb0e3.jpg?v=1716400675&width=600 600w, //www.noura.com.pk/cdn/shop/files/Noura-42-2_0d49ecfe-4cef-47a1-a3ec-850d3d1fb0e3.jpg?v=1716400675&width=713 713w, //www.noura.com.pk/cdn/shop/files/Noura-42-2_0d49ecfe-4cef-47a1-a3ec-850d3d1fb0e3.jpg?v=1716400675&width=823 823w, //www.noura.com.pk/cdn/shop/files/Noura-42-2_0d49ecfe-4cef-47a1-a3ec-850d3d1fb0e3.jpg?v=1716400675&width=990 990w, //www.noura.com.pk/cdn/shop/files/Noura-42-2_0d49ecfe-4cef-47a1-a3ec-850d3d1fb0e3.jpg?v=1716400675&width=1100 1100w, //www.noura.com.pk/cdn/shop/files/Noura-42-2_0d49ecfe-4cef-47a1-a3ec-850d3d1fb0e3.jpg?v=1716400675&width=1206 1206w, //www.noura.com.pk/cdn/shop/files/Noura-42-2_0d49ecfe-4cef-47a1-a3ec-850d3d1fb0e3.jpg?v=1716400675&width=1346 1346w, //www.noura.com.pk/cdn/shop/files/Noura-42-2_0d49ecfe-4cef-47a1-a3ec-850d3d1fb0e3.jpg?v=1716400675&width=1426 1426w, //www.noura.com.pk/cdn/shop/files/Noura-42-2_0d49ecfe-4cef-47a1-a3ec-850d3d1fb0e3.jpg?v=1716400675&width=1646 1646w, //www.noura.com.pk/cdn/shop/files/Noura-42-2_0d49ecfe-4cef-47a1-a3ec-850d3d1fb0e3.jpg?v=1716400675&width=1946 1946w'),
(3, '\'Black Embroidered Dupatta\'', 'Regular price\n\n          Rs.1,199.00 PKR', 'Color\n\n\n      BlackVariant sold out or unavailable,Material\n\n\n      OrganzaVariant sold out or unavailable', 'https://www.noura.com.pk/products/black-embroided-dupatta', '//www.noura.com.pk/cdn/shop/files/Noura-279-2_802a6bef-36a2-4363-a9dc-2f01594c623b.jpg?v=1716400716&width=246 246w, //www.noura.com.pk/cdn/shop/files/Noura-279-2_802a6bef-36a2-4363-a9dc-2f01594c623b.jpg?v=1716400716&width=493 493w, //www.noura.com.pk/cdn/shop/files/Noura-279-2_802a6bef-36a2-4363-a9dc-2f01594c623b.jpg?v=1716400716&width=600 600w, //www.noura.com.pk/cdn/shop/files/Noura-279-2_802a6bef-36a2-4363-a9dc-2f01594c623b.jpg?v=1716400716&width=713 713w, //www.noura.com.pk/cdn/shop/files/Noura-279-2_802a6bef-36a2-4363-a9dc-2f01594c623b.jpg?v=1716400716&width=823 823w, //www.noura.com.pk/cdn/shop/files/Noura-279-2_802a6bef-36a2-4363-a9dc-2f01594c623b.jpg?v=1716400716&width=990 990w, //www.noura.com.pk/cdn/shop/files/Noura-279-2_802a6bef-36a2-4363-a9dc-2f01594c623b.jpg?v=1716400716&width=1100 1100w, //www.noura.com.pk/cdn/shop/files/Noura-279-2_802a6bef-36a2-4363-a9dc-2f01594c623b.jpg?v=1716400716&width=1206 1206w, //www.noura.com.pk/cdn/shop/files/Noura-279-2_802a6bef-36a2-4363-a9dc-2f01594c623b.jpg?v=1716400716&width=1346 1346w, //www.noura.com.pk/cdn/shop/files/Noura-279-2_802a6bef-36a2-4363-a9dc-2f01594c623b.jpg?v=1716400716&width=1426 1426w, //www.noura.com.pk/cdn/shop/files/Noura-279-2_802a6bef-36a2-4363-a9dc-2f01594c623b.jpg?v=1716400716&width=1646 1646w, //www.noura.com.pk/cdn/shop/files/Noura-279-2_802a6bef-36a2-4363-a9dc-2f01594c623b.jpg?v=1716400716&width=1946 1946w'),
(5, '\'Green Embroidered Dupatta\'', 'Regular price\n\n          Rs.1,150.00 PKR', 'Color\n\n\n      GreenVariant sold out or unavailable,Material\n\n\n      OrganzaVariant sold out or unavailable', 'https://www.noura.com.pk/products/pink-embroided-dupatta', '//www.noura.com.pk/cdn/shop/files/Noura-708-2_294e8ba2-ae0b-4d91-abdc-65cb3a9e3730.jpg?v=1716486000&width=246 246w, //www.noura.com.pk/cdn/shop/files/Noura-708-2_294e8ba2-ae0b-4d91-abdc-65cb3a9e3730.jpg?v=1716486000&width=493 493w, //www.noura.com.pk/cdn/shop/files/Noura-708-2_294e8ba2-ae0b-4d91-abdc-65cb3a9e3730.jpg?v=1716486000&width=600 600w, //www.noura.com.pk/cdn/shop/files/Noura-708-2_294e8ba2-ae0b-4d91-abdc-65cb3a9e3730.jpg?v=1716486000&width=713 713w, //www.noura.com.pk/cdn/shop/files/Noura-708-2_294e8ba2-ae0b-4d91-abdc-65cb3a9e3730.jpg?v=1716486000&width=823 823w, //www.noura.com.pk/cdn/shop/files/Noura-708-2_294e8ba2-ae0b-4d91-abdc-65cb3a9e3730.jpg?v=1716486000&width=990 990w, //www.noura.com.pk/cdn/shop/files/Noura-708-2_294e8ba2-ae0b-4d91-abdc-65cb3a9e3730.jpg?v=1716486000&width=1100 1100w, //www.noura.com.pk/cdn/shop/files/Noura-708-2_294e8ba2-ae0b-4d91-abdc-65cb3a9e3730.jpg?v=1716486000&width=1206 1206w, //www.noura.com.pk/cdn/shop/files/Noura-708-2_294e8ba2-ae0b-4d91-abdc-65cb3a9e3730.jpg?v=1716486000&width=1346 1346w, //www.noura.com.pk/cdn/shop/files/Noura-708-2_294e8ba2-ae0b-4d91-abdc-65cb3a9e3730.jpg?v=1716486000&width=1426 1426w, //www.noura.com.pk/cdn/shop/files/Noura-708-2_294e8ba2-ae0b-4d91-abdc-65cb3a9e3730.jpg?v=1716486000&width=1646 1646w, //www.noura.com.pk/cdn/shop/files/Noura-708-2_294e8ba2-ae0b-4d91-abdc-65cb3a9e3730.jpg?v=1716486000&width=1946 1946w'),
(7, '\'Meya - Embroidered Dupatta\'', 'Regular price\n\n          Rs.1,150.00 PKR', 'Color\n\n\n      MaroonVariant sold out or unavailable,Material\n\n\n      OrganzaVariant sold out or unavailable', 'https://www.noura.com.pk/products/teal-embroided-dupatta', '//www.noura.com.pk/cdn/shop/files/Noura-155.jpg?v=1716487450&width=246 246w, //www.noura.com.pk/cdn/shop/files/Noura-155.jpg?v=1716487450&width=493 493w, //www.noura.com.pk/cdn/shop/files/Noura-155.jpg?v=1716487450&width=600 600w, //www.noura.com.pk/cdn/shop/files/Noura-155.jpg?v=1716487450&width=713 713w, //www.noura.com.pk/cdn/shop/files/Noura-155.jpg?v=1716487450&width=823 823w, //www.noura.com.pk/cdn/shop/files/Noura-155.jpg?v=1716487450&width=990 990w, //www.noura.com.pk/cdn/shop/files/Noura-155.jpg?v=1716487450&width=1100 1100w, //www.noura.com.pk/cdn/shop/files/Noura-155.jpg?v=1716487450&width=1206 1206w, //www.noura.com.pk/cdn/shop/files/Noura-155.jpg?v=1716487450&width=1346 1346w, //www.noura.com.pk/cdn/shop/files/Noura-155.jpg?v=1716487450&width=1426 1426w, //www.noura.com.pk/cdn/shop/files/Noura-155.jpg?v=1716487450&width=1646 1646w, //www.noura.com.pk/cdn/shop/files/Noura-155.jpg?v=1716487450&width=1946 1946w'),
(9, '\'White Embroidered Dupatta\'', 'Regular price\n\n          Rs.1,150.00 PKR', 'Color\n\n\n      WhiteVariant sold out or unavailable,Material\n\n\n      OrganzaVariant sold out or unavailable', 'https://www.noura.com.pk/products/dark-blue-embroided-dupatta', '//www.noura.com.pk/cdn/shop/files/Noura-863.jpg?v=1716487765&width=246 246w, //www.noura.com.pk/cdn/shop/files/Noura-863.jpg?v=1716487765&width=493 493w, //www.noura.com.pk/cdn/shop/files/Noura-863.jpg?v=1716487765&width=600 600w, //www.noura.com.pk/cdn/shop/files/Noura-863.jpg?v=1716487765&width=713 713w, //www.noura.com.pk/cdn/shop/files/Noura-863.jpg?v=1716487765&width=823 823w, //www.noura.com.pk/cdn/shop/files/Noura-863.jpg?v=1716487765&width=990 990w, //www.noura.com.pk/cdn/shop/files/Noura-863.jpg?v=1716487765&width=1100 1100w, //www.noura.com.pk/cdn/shop/files/Noura-863.jpg?v=1716487765&width=1206 1206w, //www.noura.com.pk/cdn/shop/files/Noura-863.jpg?v=1716487765&width=1346 1346w, //www.noura.com.pk/cdn/shop/files/Noura-863.jpg?v=1716487765&width=1426 1426w, //www.noura.com.pk/cdn/shop/files/Noura-863.jpg?v=1716487765&width=1646 1646w, //www.noura.com.pk/cdn/shop/files/Noura-863.jpg?v=1716487765&width=1946 1946w'),
(11, '\'Daisy - Embroidered Dupatta\'', 'Regular price\n\n          Rs.1,499.00 PKR', 'Fabric\n\n\n      ChiffonVariant sold out or unavailable', 'https://www.noura.com.pk/products/daisy-embroidered-dupatta', '//www.noura.com.pk/cdn/shop/files/Maheen-534_02de6d78-9400-498c-92d3-edd6d7460ea8.jpg?v=1723367893&width=246 246w, //www.noura.com.pk/cdn/shop/files/Maheen-534_02de6d78-9400-498c-92d3-edd6d7460ea8.jpg?v=1723367893&width=493 493w, //www.noura.com.pk/cdn/shop/files/Maheen-534_02de6d78-9400-498c-92d3-edd6d7460ea8.jpg?v=1723367893&width=600 600w, //www.noura.com.pk/cdn/shop/files/Maheen-534_02de6d78-9400-498c-92d3-edd6d7460ea8.jpg?v=1723367893&width=713 713w, //www.noura.com.pk/cdn/shop/files/Maheen-534_02de6d78-9400-498c-92d3-edd6d7460ea8.jpg?v=1723367893&width=823 823w, //www.noura.com.pk/cdn/shop/files/Maheen-534_02de6d78-9400-498c-92d3-edd6d7460ea8.jpg?v=1723367893&width=990 990w, //www.noura.com.pk/cdn/shop/files/Maheen-534_02de6d78-9400-498c-92d3-edd6d7460ea8.jpg?v=1723367893&width=1100 1100w, //www.noura.com.pk/cdn/shop/files/Maheen-534_02de6d78-9400-498c-92d3-edd6d7460ea8.jpg?v=1723367893&width=1206 1206w, //www.noura.com.pk/cdn/shop/files/Maheen-534_02de6d78-9400-498c-92d3-edd6d7460ea8.jpg?v=1723367893&width=1346 1346w, //www.noura.com.pk/cdn/shop/files/Maheen-534_02de6d78-9400-498c-92d3-edd6d7460ea8.jpg?v=1723367893&width=1426 1426w, //www.noura.com.pk/cdn/shop/files/Maheen-534_02de6d78-9400-498c-92d3-edd6d7460ea8.jpg?v=1723367893&width=1646 1646w, //www.noura.com.pk/cdn/shop/files/Maheen-534_02de6d78-9400-498c-92d3-edd6d7460ea8.jpg?v=1723367893&width=1946 1946w'),
(13, '\'Deena - Dupatta\'', 'Regular price\n\n          Rs.1,299.00 PKR', 'Fabric\n\n\n      ChiffonVariant sold out or unavailable', 'https://www.noura.com.pk/products/deena-dupatta', '//www.noura.com.pk/cdn/shop/files/Maheen-444_4a555b23-ffac-4a9a-8774-a9a596c21e69.jpg?v=1723368064&width=246 246w, //www.noura.com.pk/cdn/shop/files/Maheen-444_4a555b23-ffac-4a9a-8774-a9a596c21e69.jpg?v=1723368064&width=493 493w, //www.noura.com.pk/cdn/shop/files/Maheen-444_4a555b23-ffac-4a9a-8774-a9a596c21e69.jpg?v=1723368064&width=600 600w, //www.noura.com.pk/cdn/shop/files/Maheen-444_4a555b23-ffac-4a9a-8774-a9a596c21e69.jpg?v=1723368064&width=713 713w, //www.noura.com.pk/cdn/shop/files/Maheen-444_4a555b23-ffac-4a9a-8774-a9a596c21e69.jpg?v=1723368064&width=823 823w, //www.noura.com.pk/cdn/shop/files/Maheen-444_4a555b23-ffac-4a9a-8774-a9a596c21e69.jpg?v=1723368064&width=990 990w, //www.noura.com.pk/cdn/shop/files/Maheen-444_4a555b23-ffac-4a9a-8774-a9a596c21e69.jpg?v=1723368064&width=1100 1100w, //www.noura.com.pk/cdn/shop/files/Maheen-444_4a555b23-ffac-4a9a-8774-a9a596c21e69.jpg?v=1723368064&width=1206 1206w, //www.noura.com.pk/cdn/shop/files/Maheen-444_4a555b23-ffac-4a9a-8774-a9a596c21e69.jpg?v=1723368064&width=1346 1346w, //www.noura.com.pk/cdn/shop/files/Maheen-444_4a555b23-ffac-4a9a-8774-a9a596c21e69.jpg?v=1723368064&width=1426 1426w, //www.noura.com.pk/cdn/shop/files/Maheen-444_4a555b23-ffac-4a9a-8774-a9a596c21e69.jpg?v=1723368064&width=1646 1646w, //www.noura.com.pk/cdn/shop/files/Maheen-444_4a555b23-ffac-4a9a-8774-a9a596c21e69.jpg?v=1723368064&width=1946 1946w'),
(15, '\'Zoe - Embroidered Dupatta\'', 'Regular price\n\n          Rs.1,499.00 PKR', 'Fabric\n\n\n      ChiffonVariant sold out or unavailable', 'https://www.noura.com.pk/products/zoe-embroidered-dupatta', '//www.noura.com.pk/cdn/shop/files/Maheen-921_5faa3f92-5742-4a7c-89be-6a45323398ba.jpg?v=1723368791&width=246 246w, //www.noura.com.pk/cdn/shop/files/Maheen-921_5faa3f92-5742-4a7c-89be-6a45323398ba.jpg?v=1723368791&width=493 493w, //www.noura.com.pk/cdn/shop/files/Maheen-921_5faa3f92-5742-4a7c-89be-6a45323398ba.jpg?v=1723368791&width=600 600w, //www.noura.com.pk/cdn/shop/files/Maheen-921_5faa3f92-5742-4a7c-89be-6a45323398ba.jpg?v=1723368791&width=713 713w, //www.noura.com.pk/cdn/shop/files/Maheen-921_5faa3f92-5742-4a7c-89be-6a45323398ba.jpg?v=1723368791&width=823 823w, //www.noura.com.pk/cdn/shop/files/Maheen-921_5faa3f92-5742-4a7c-89be-6a45323398ba.jpg?v=1723368791&width=990 990w, //www.noura.com.pk/cdn/shop/files/Maheen-921_5faa3f92-5742-4a7c-89be-6a45323398ba.jpg?v=1723368791&width=1100 1100w, //www.noura.com.pk/cdn/shop/files/Maheen-921_5faa3f92-5742-4a7c-89be-6a45323398ba.jpg?v=1723368791&width=1206 1206w, //www.noura.com.pk/cdn/shop/files/Maheen-921_5faa3f92-5742-4a7c-89be-6a45323398ba.jpg?v=1723368791&width=1346 1346w, //www.noura.com.pk/cdn/shop/files/Maheen-921_5faa3f92-5742-4a7c-89be-6a45323398ba.jpg?v=1723368791&width=1426 1426w, //www.noura.com.pk/cdn/shop/files/Maheen-921_5faa3f92-5742-4a7c-89be-6a45323398ba.jpg?v=1723368791&width=1646 1646w, //www.noura.com.pk/cdn/shop/files/Maheen-921_5faa3f92-5742-4a7c-89be-6a45323398ba.jpg?v=1723368791&width=1946 1946w'),
(17, '\'Zaria - Embroidered Dupatta\'', 'Regular price\n\n          Rs.1,499.00 PKR', 'Color\n\n\n      BlackVariant sold out or unavailable,Fabric\n\n\n      ChiffonVariant sold out or unavailable', 'https://www.noura.com.pk/products/zaria-embroidered-dupatta', '//www.noura.com.pk/cdn/shop/files/Maheen-118.jpg?v=1723368680&width=246 246w, //www.noura.com.pk/cdn/shop/files/Maheen-118.jpg?v=1723368680&width=493 493w, //www.noura.com.pk/cdn/shop/files/Maheen-118.jpg?v=1723368680&width=600 600w, //www.noura.com.pk/cdn/shop/files/Maheen-118.jpg?v=1723368680&width=713 713w, //www.noura.com.pk/cdn/shop/files/Maheen-118.jpg?v=1723368680&width=823 823w, //www.noura.com.pk/cdn/shop/files/Maheen-118.jpg?v=1723368680&width=990 990w, //www.noura.com.pk/cdn/shop/files/Maheen-118.jpg?v=1723368680&width=1100 1100w, //www.noura.com.pk/cdn/shop/files/Maheen-118.jpg?v=1723368680&width=1206 1206w, //www.noura.com.pk/cdn/shop/files/Maheen-118.jpg?v=1723368680&width=1346 1346w, //www.noura.com.pk/cdn/shop/files/Maheen-118.jpg?v=1723368680&width=1426 1426w, //www.noura.com.pk/cdn/shop/files/Maheen-118.jpg?v=1723368680&width=1646 1646w, //www.noura.com.pk/cdn/shop/files/Maheen-118.jpg?v=1723368680&width=1946 1946w'),
(37, '\'Parisa Embroidered Suit - 2 pc\'', 'Regular price\n\n          Rs.6,499.00 PKR', 'Size\n\n\n      XSVariant sold out or unavailable\n\n\n      SVariant sold out or unavailable\n\n\n      MVariant sold out or unavailable\n\n\n      LVariant sold out or unavailable\n\n\n      XLVariant sol', 'https://www.noura.com.pk/products/parisa-embroidered-suit', '//www.noura.com.pk/cdn/shop/files/AyeshaNoura-840.jpg?v=1730489316&width=246 246w, //www.noura.com.pk/cdn/shop/files/AyeshaNoura-840.jpg?v=1730489316&width=493 493w, //www.noura.com.pk/cdn/shop/files/AyeshaNoura-840.jpg?v=1730489316&width=600 600w, //www.noura.com.pk/cdn/shop/files/AyeshaNoura-840.jpg?v=1730489316&width=713 713w, //www.noura.com.pk/cdn/shop/files/AyeshaNoura-840.jpg?v=1730489316&width=823 823w, //www.noura.com.pk/cdn/shop/files/AyeshaNoura-840.jpg?v=1730489316&width=990 990w, //www.noura.com.pk/cdn/shop/files/AyeshaNoura-840.jpg?v=1730489316&width=1100 1100w, //www.noura.com.pk/cdn/shop/files/AyeshaNoura-840.jpg?v=1730489316&width=1206 1206w, //www.noura.com.pk/cdn/shop/files/AyeshaNoura-840.jpg?v=1730489316&width=1346 1346w, //www.noura.com.pk/cdn/shop/files/AyeshaNoura-840.jpg?v=1730489316&width=1426 1426w, //www.noura.com.pk/cdn/shop/files/AyeshaNoura-840.jpg?v=1730489316&width=1646 1646w, //www.noura.com.pk/cdn/shop/files/AyeshaNoura-840.jpg?v=1730489316&width=1946 1946w'),
(39, '\'Zahrah Embroidered Suit - 2pc\'', 'Regular price\n\n          Rs.5,999.00 PKR', 'Size\n\n\n      XSVariant sold out or unavailable\n\n\n      SVariant sold out or unavailable\n\n\n      MVariant sold out or unavailable\n\n\n      LVariant sold out or unavailable\n\n\n      XLVariant sol', 'https://www.noura.com.pk/products/2-zahrah-embroidered-suit', '//www.noura.com.pk/cdn/shop/files/Ayesha_Noura-283.jpg?v=1730488649&width=246 246w, //www.noura.com.pk/cdn/shop/files/Ayesha_Noura-283.jpg?v=1730488649&width=493 493w, //www.noura.com.pk/cdn/shop/files/Ayesha_Noura-283.jpg?v=1730488649&width=600 600w, //www.noura.com.pk/cdn/shop/files/Ayesha_Noura-283.jpg?v=1730488649&width=713 713w, //www.noura.com.pk/cdn/shop/files/Ayesha_Noura-283.jpg?v=1730488649&width=823 823w, //www.noura.com.pk/cdn/shop/files/Ayesha_Noura-283.jpg?v=1730488649&width=990 990w, //www.noura.com.pk/cdn/shop/files/Ayesha_Noura-283.jpg?v=1730488649&width=1100 1100w, //www.noura.com.pk/cdn/shop/files/Ayesha_Noura-283.jpg?v=1730488649&width=1206 1206w, //www.noura.com.pk/cdn/shop/files/Ayesha_Noura-283.jpg?v=1730488649&width=1346 1346w, //www.noura.com.pk/cdn/shop/files/Ayesha_Noura-283.jpg?v=1730488649&width=1426 1426w, //www.noura.com.pk/cdn/shop/files/Ayesha_Noura-283.jpg?v=1730488649&width=1646 1646w, //www.noura.com.pk/cdn/shop/files/Ayesha_Noura-283.jpg?v=1730488649&width=1946 1946w'),
(41, '\'Aashna Embroidered Suit - 3pc\'', 'Regular price\n\n          Rs.6,999.00 PKR', 'Size\n\n\n      XSVariant sold out or unavailable\n\n\n      SVariant sold out or unavailable\n\n\n      MVariant sold out or unavailable\n\n\n      LVariant sold out or unavailable\n\n\n      XLVariant sol', 'https://www.noura.com.pk/products/aashna-embroidered-suit', '//www.noura.com.pk/cdn/shop/files/AyeshaNoura-1080.jpg?v=1730488064&width=246 246w, //www.noura.com.pk/cdn/shop/files/AyeshaNoura-1080.jpg?v=1730488064&width=493 493w, //www.noura.com.pk/cdn/shop/files/AyeshaNoura-1080.jpg?v=1730488064&width=600 600w, //www.noura.com.pk/cdn/shop/files/AyeshaNoura-1080.jpg?v=1730488064&width=713 713w, //www.noura.com.pk/cdn/shop/files/AyeshaNoura-1080.jpg?v=1730488064&width=823 823w, //www.noura.com.pk/cdn/shop/files/AyeshaNoura-1080.jpg?v=1730488064&width=990 990w, //www.noura.com.pk/cdn/shop/files/AyeshaNoura-1080.jpg?v=1730488064&width=1100 1100w, //www.noura.com.pk/cdn/shop/files/AyeshaNoura-1080.jpg?v=1730488064&width=1206 1206w, //www.noura.com.pk/cdn/shop/files/AyeshaNoura-1080.jpg?v=1730488064&width=1346 1346w, //www.noura.com.pk/cdn/shop/files/AyeshaNoura-1080.jpg?v=1730488064&width=1426 1426w, //www.noura.com.pk/cdn/shop/files/AyeshaNoura-1080.jpg?v=1730488064&width=1646 1646w, //www.noura.com.pk/cdn/shop/files/AyeshaNoura-1080.jpg?v=1730488064&width=1946 1946w'),
(43, '\'Mahpara Embroidered Suit - 2 pc\'', 'Regular price\n\n          Rs.4,199.00 PKR', 'Size\n\n\n      XSVariant sold out or unavailable\n\n\n      SVariant sold out or unavailable\n\n\n      MVariant sold out or unavailable\n\n\n      LVariant sold out or unavailable\n\n\n      XLVariant sol', 'https://www.noura.com.pk/products/mahpara-embroidered-suit', '//www.noura.com.pk/cdn/shop/files/AyeshaNoura-22.jpg?v=1730488891&width=246 246w, //www.noura.com.pk/cdn/shop/files/AyeshaNoura-22.jpg?v=1730488891&width=493 493w, //www.noura.com.pk/cdn/shop/files/AyeshaNoura-22.jpg?v=1730488891&width=600 600w, //www.noura.com.pk/cdn/shop/files/AyeshaNoura-22.jpg?v=1730488891&width=713 713w, //www.noura.com.pk/cdn/shop/files/AyeshaNoura-22.jpg?v=1730488891&width=823 823w, //www.noura.com.pk/cdn/shop/files/AyeshaNoura-22.jpg?v=1730488891&width=990 990w, //www.noura.com.pk/cdn/shop/files/AyeshaNoura-22.jpg?v=1730488891&width=1100 1100w, //www.noura.com.pk/cdn/shop/files/AyeshaNoura-22.jpg?v=1730488891&width=1206 1206w, //www.noura.com.pk/cdn/shop/files/AyeshaNoura-22.jpg?v=1730488891&width=1346 1346w, //www.noura.com.pk/cdn/shop/files/AyeshaNoura-22.jpg?v=1730488891&width=1426 1426w, //www.noura.com.pk/cdn/shop/files/AyeshaNoura-22.jpg?v=1730488891&width=1646 1646w, //www.noura.com.pk/cdn/shop/files/AyeshaNoura-22.jpg?v=1730488891&width=1946 1946w'),
(45, '\'Vani Embroidered Suit - 2pc\'', 'Regular price\n\n          Rs.4,499.00 PKR', 'Size\n\n\n      XSVariant sold out or unavailable\n\n\n      SVariant sold out or unavailable\n\n\n      MVariant sold out or unavailable\n\n\n      LVariant sold out or unavailable\n\n\n      XLVariant sol', 'https://www.noura.com.pk/products/vani-embroidered-suit', '//www.noura.com.pk/cdn/shop/files/AyeshaNoura-479.jpg?v=1730489039&width=246 246w, //www.noura.com.pk/cdn/shop/files/AyeshaNoura-479.jpg?v=1730489039&width=493 493w, //www.noura.com.pk/cdn/shop/files/AyeshaNoura-479.jpg?v=1730489039&width=600 600w, //www.noura.com.pk/cdn/shop/files/AyeshaNoura-479.jpg?v=1730489039&width=713 713w, //www.noura.com.pk/cdn/shop/files/AyeshaNoura-479.jpg?v=1730489039&width=823 823w, //www.noura.com.pk/cdn/shop/files/AyeshaNoura-479.jpg?v=1730489039&width=990 990w, //www.noura.com.pk/cdn/shop/files/AyeshaNoura-479.jpg?v=1730489039&width=1100 1100w, //www.noura.com.pk/cdn/shop/files/AyeshaNoura-479.jpg?v=1730489039&width=1206 1206w, //www.noura.com.pk/cdn/shop/files/AyeshaNoura-479.jpg?v=1730489039&width=1346 1346w, //www.noura.com.pk/cdn/shop/files/AyeshaNoura-479.jpg?v=1730489039&width=1426 1426w, //www.noura.com.pk/cdn/shop/files/AyeshaNoura-479.jpg?v=1730489039&width=1646 1646w, //www.noura.com.pk/cdn/shop/files/AyeshaNoura-479.jpg?v=1730489039&width=1946 1946w'),
(47, '\'Zahrah Embroidered Suit - 2pc (Black)\'', 'Regular price\n\n          Rs.5,999.00 PKR', 'Size\n\n\n      XSVariant sold out or unavailable\n\n\n      SVariant sold out or unavailable\n\n\n      MVariant sold out or unavailable\n\n\n      LVariant sold out or unavailable\n\n\n      XLVariant sol', 'https://www.noura.com.pk/products/zahrah-embroidered-suit-2pc-black', '//www.noura.com.pk/cdn/shop/files/IMG_0359.jpg?v=1733814649&width=246 246w, //www.noura.com.pk/cdn/shop/files/IMG_0359.jpg?v=1733814649&width=493 493w, //www.noura.com.pk/cdn/shop/files/IMG_0359.jpg?v=1733814649&width=600 600w, //www.noura.com.pk/cdn/shop/files/IMG_0359.jpg?v=1733814649&width=713 713w, //www.noura.com.pk/cdn/shop/files/IMG_0359.jpg?v=1733814649&width=823 823w, //www.noura.com.pk/cdn/shop/files/IMG_0359.jpg?v=1733814649&width=990 990w, //www.noura.com.pk/cdn/shop/files/IMG_0359.jpg?v=1733814649&width=1100 1100w, //www.noura.com.pk/cdn/shop/files/IMG_0359.jpg?v=1733814649&width=1206 1206w, //www.noura.com.pk/cdn/shop/files/IMG_0359.jpg?v=1733814649&width=1346 1346w, //www.noura.com.pk/cdn/shop/files/IMG_0359.jpg?v=1733814649&width=1426 1426w, //www.noura.com.pk/cdn/shop/files/IMG_0359.jpg?v=1733814649&width=1646 1646w, //www.noura.com.pk/cdn/shop/files/IMG_0359.jpg?v=1733814649&width=1946 1946w'),
(49, '\'Ghazel Embroidered Suit - 3pc\'', 'Regular price\n\n          Rs.6,999.00 PKR', 'Size\n\n\n      XSVariant sold out or unavailable\n\n\n      SVariant sold out or unavailable\n\n\n      MVariant sold out or unavailable\n\n\n      LVariant sold out or unavailable\n\n\n      XLVariant sol', 'https://www.noura.com.pk/products/ghazel-embroidered-suit', '//www.noura.com.pk/cdn/shop/files/AyeshaNoura-1187.jpg?v=1730488567&width=246 246w, //www.noura.com.pk/cdn/shop/files/AyeshaNoura-1187.jpg?v=1730488567&width=493 493w, //www.noura.com.pk/cdn/shop/files/AyeshaNoura-1187.jpg?v=1730488567&width=600 600w, //www.noura.com.pk/cdn/shop/files/AyeshaNoura-1187.jpg?v=1730488567&width=713 713w, //www.noura.com.pk/cdn/shop/files/AyeshaNoura-1187.jpg?v=1730488567&width=823 823w, //www.noura.com.pk/cdn/shop/files/AyeshaNoura-1187.jpg?v=1730488567&width=990 990w, //www.noura.com.pk/cdn/shop/files/AyeshaNoura-1187.jpg?v=1730488567&width=1100 1100w, //www.noura.com.pk/cdn/shop/files/AyeshaNoura-1187.jpg?v=1730488567&width=1206 1206w, //www.noura.com.pk/cdn/shop/files/AyeshaNoura-1187.jpg?v=1730488567&width=1346 1346w, //www.noura.com.pk/cdn/shop/files/AyeshaNoura-1187.jpg?v=1730488567&width=1426 1426w, //www.noura.com.pk/cdn/shop/files/AyeshaNoura-1187.jpg?v=1730488567&width=1646 1646w, //www.noura.com.pk/cdn/shop/files/AyeshaNoura-1187.jpg?v=1730488567&width=1946 1946w'),
(51, '\'Zeena Embroidered Suit - 2pc\'', 'Regular price\n\n          Rs.5,299.00 PKR', 'Size\n\n\n      XSVariant sold out or unavailable\n\n\n      SVariant sold out or unavailable\n\n\n      MVariant sold out or unavailable\n\n\n      LVariant sold out or unavailable\n\n\n      XLVariant sol', 'https://www.noura.com.pk/products/zeena-embroidered-suit-2pc-1', '//www.noura.com.pk/cdn/shop/files/AyeshaNoura-1386.jpg?v=1730489237&width=246 246w, //www.noura.com.pk/cdn/shop/files/AyeshaNoura-1386.jpg?v=1730489237&width=493 493w, //www.noura.com.pk/cdn/shop/files/AyeshaNoura-1386.jpg?v=1730489237&width=600 600w, //www.noura.com.pk/cdn/shop/files/AyeshaNoura-1386.jpg?v=1730489237&width=713 713w, //www.noura.com.pk/cdn/shop/files/AyeshaNoura-1386.jpg?v=1730489237&width=823 823w, //www.noura.com.pk/cdn/shop/files/AyeshaNoura-1386.jpg?v=1730489237&width=990 990w, //www.noura.com.pk/cdn/shop/files/AyeshaNoura-1386.jpg?v=1730489237&width=1100 1100w, //www.noura.com.pk/cdn/shop/files/AyeshaNoura-1386.jpg?v=1730489237&width=1206 1206w, //www.noura.com.pk/cdn/shop/files/AyeshaNoura-1386.jpg?v=1730489237&width=1346 1346w, //www.noura.com.pk/cdn/shop/files/AyeshaNoura-1386.jpg?v=1730489237&width=1426 1426w, //www.noura.com.pk/cdn/shop/files/AyeshaNoura-1386.jpg?v=1730489237&width=1646 1646w, //www.noura.com.pk/cdn/shop/files/AyeshaNoura-1386.jpg?v=1730489237&width=1946 1946w'),
(53, '\'Zinnia Embroidered Suit 2pc\'', 'Regular price\n\n          Rs.4,999.00 PKR', 'Size\n\n\n      XSVariant sold out or unavailable\n\n\n      SVariant sold out or unavailable\n\n\n      MVariant sold out or unavailable\n\n\n      LVariant sold out or unavailable\n\n\n      XLVariant sol', 'https://www.noura.com.pk/products/zinnia-embroidered-suit', '//www.noura.com.pk/cdn/shop/files/AyeshaNoura-1456.jpg?v=1730490276&width=246 246w, //www.noura.com.pk/cdn/shop/files/AyeshaNoura-1456.jpg?v=1730490276&width=493 493w, //www.noura.com.pk/cdn/shop/files/AyeshaNoura-1456.jpg?v=1730490276&width=600 600w, //www.noura.com.pk/cdn/shop/files/AyeshaNoura-1456.jpg?v=1730490276&width=713 713w, //www.noura.com.pk/cdn/shop/files/AyeshaNoura-1456.jpg?v=1730490276&width=823 823w, //www.noura.com.pk/cdn/shop/files/AyeshaNoura-1456.jpg?v=1730490276&width=990 990w, //www.noura.com.pk/cdn/shop/files/AyeshaNoura-1456.jpg?v=1730490276&width=1100 1100w, //www.noura.com.pk/cdn/shop/files/AyeshaNoura-1456.jpg?v=1730490276&width=1206 1206w, //www.noura.com.pk/cdn/shop/files/AyeshaNoura-1456.jpg?v=1730490276&width=1346 1346w, //www.noura.com.pk/cdn/shop/files/AyeshaNoura-1456.jpg?v=1730490276&width=1426 1426w, //www.noura.com.pk/cdn/shop/files/AyeshaNoura-1456.jpg?v=1730490276&width=1646 1646w, //www.noura.com.pk/cdn/shop/files/AyeshaNoura-1456.jpg?v=1730490276&width=1946 1946w'),
(55, '\'Shayna Embroidered Suit - 3pc\'', 'Regular price\n\n          Rs.6,999.00 PKR', 'Size\n\n\n      XSVariant sold out or unavailable\n\n\n      SVariant sold out or unavailable\n\n\n      MVariant sold out or unavailable\n\n\n      LVariant sold out or unavailable\n\n\n      XLVariant sol', 'https://www.noura.com.pk/products/shayna-embroidered-suit', '//www.noura.com.pk/cdn/shop/files/imgonline-com-ua-resize-zDOQRaVv1Nj9bU_71a95649-6495-4bd7-b43f-444714afa8fa.jpg?v=1721979332&width=246 246w, //www.noura.com.pk/cdn/shop/files/imgonline-com-ua-resize-zDOQRaVv1Nj9bU_71a95649-6495-4bd7-b43f-444714afa8fa.jpg?v=1721979332&width=493 493w, //www.noura.com.pk/cdn/shop/files/imgonline-com-ua-resize-zDOQRaVv1Nj9bU_71a95649-6495-4bd7-b43f-444714afa8fa.jpg?v=1721979332&width=600 600w, //www.noura.com.pk/cdn/shop/files/imgonline-com-ua-resize-zDOQRaVv1Nj9bU_71a95649-6495-4bd7-b43f-444714afa8fa.jpg?v=1721979332&width=713 713w, //www.noura.com.pk/cdn/shop/files/imgonline-com-ua-resize-zDOQRaVv1Nj9bU_71a95649-6495-4bd7-b43f-444714afa8fa.jpg?v=1721979332&width=823 823w, //www.noura.com.pk/cdn/shop/files/imgonline-com-ua-resize-zDOQRaVv1Nj9bU_71a95649-6495-4bd7-b43f-444714afa8fa.jpg?v=1721979332&width=990 990w, //www.noura.com.pk/cdn/shop/files/imgonline-com-ua-resize-zDOQRaVv1Nj9bU_71a95649-6495-4bd7-b43f-444714afa8fa.jpg?v=1721979332&width=1100 1100w, //www.noura.com.pk/cdn/shop/files/imgonline-com-ua-resize-zDOQRaVv1Nj9bU_71a95649-6495-4bd7-b43f-444714afa8fa.jpg?v=1721979332&width=1206 1206w, //www.noura.com.pk/cdn/shop/files/imgonline-com-ua-resize-zDOQRaVv1Nj9bU_71a95649-6495-4bd7-b43f-444714afa8fa.jpg?v=1721979332&width=1346 1346w, //www.noura.com.pk/cdn/shop/files/imgonline-com-ua-resize-zDOQRaVv1Nj9bU_71a95649-6495-4bd7-b43f-444714afa8fa.jpg?v=1721979332&width=1426 1426w, //www.noura.com.pk/cdn/shop/files/imgonline-com-ua-resize-zDOQRaVv1Nj9bU_71a95649-6495-4bd7-b43f-444714afa8fa.jpg?v=1721979332&width=1646 1646w, //www.noura.com.pk/cdn/shop/files/imgonline-com-ua-resize-zDOQRaVv1Nj9bU_71a95649-6495-4bd7-b43f-444714afa8fa.jpg?v=1721979332&width=1946 1946w'),
(57, '\'Nashwa Embroidered Suit - 2pc\'', 'Regular price\n\n          Rs.5,499.00 PKR', 'Size\n\n\n      XSVariant sold out or unavailable\n\n\n      SVariant sold out or unavailable\n\n\n      MVariant sold out or unavailable\n\n\n      LVariant sold out or unavailable\n\n\n      XLVariant sol', 'https://www.noura.com.pk/products/nashwa-embroidered-suit-2pc', '//www.noura.com.pk/cdn/shop/files/Maheen-1_f120670b-9d17-4469-8443-39391b35114a.jpg?v=1729959273&width=246 246w, //www.noura.com.pk/cdn/shop/files/Maheen-1_f120670b-9d17-4469-8443-39391b35114a.jpg?v=1729959273&width=493 493w, //www.noura.com.pk/cdn/shop/files/Maheen-1_f120670b-9d17-4469-8443-39391b35114a.jpg?v=1729959273&width=600 600w, //www.noura.com.pk/cdn/shop/files/Maheen-1_f120670b-9d17-4469-8443-39391b35114a.jpg?v=1729959273&width=713 713w, //www.noura.com.pk/cdn/shop/files/Maheen-1_f120670b-9d17-4469-8443-39391b35114a.jpg?v=1729959273&width=823 823w, //www.noura.com.pk/cdn/shop/files/Maheen-1_f120670b-9d17-4469-8443-39391b35114a.jpg?v=1729959273&width=990 990w, //www.noura.com.pk/cdn/shop/files/Maheen-1_f120670b-9d17-4469-8443-39391b35114a.jpg?v=1729959273&width=1100 1100w, //www.noura.com.pk/cdn/shop/files/Maheen-1_f120670b-9d17-4469-8443-39391b35114a.jpg?v=1729959273&width=1206 1206w, //www.noura.com.pk/cdn/shop/files/Maheen-1_f120670b-9d17-4469-8443-39391b35114a.jpg?v=1729959273&width=1346 1346w, //www.noura.com.pk/cdn/shop/files/Maheen-1_f120670b-9d17-4469-8443-39391b35114a.jpg?v=1729959273&width=1426 1426w, //www.noura.com.pk/cdn/shop/files/Maheen-1_f120670b-9d17-4469-8443-39391b35114a.jpg?v=1729959273&width=1646 1646w, //www.noura.com.pk/cdn/shop/files/Maheen-1_f120670b-9d17-4469-8443-39391b35114a.jpg?v=1729959273&width=1946 1946w'),
(59, '\'Ezel\'', 'Regular price\n\n          Rs.3,999.00 PKR', 'Size\n\n\n      XSVariant sold out or unavailable\n\n\n      SVariant sold out or unavailable\n\n\n      MVariant sold out or unavailable\n\n\n      LVariant sold out or unavailable\n\n\n      XLVariant sol', 'https://www.noura.com.pk/products/ezel-embroidered-suit', '//www.noura.com.pk/cdn/shop/files/AyeshaNoura-1308.jpg?v=1730488361&width=246 246w, //www.noura.com.pk/cdn/shop/files/AyeshaNoura-1308.jpg?v=1730488361&width=493 493w, //www.noura.com.pk/cdn/shop/files/AyeshaNoura-1308.jpg?v=1730488361&width=600 600w, //www.noura.com.pk/cdn/shop/files/AyeshaNoura-1308.jpg?v=1730488361&width=713 713w, //www.noura.com.pk/cdn/shop/files/AyeshaNoura-1308.jpg?v=1730488361&width=823 823w, //www.noura.com.pk/cdn/shop/files/AyeshaNoura-1308.jpg?v=1730488361&width=990 990w, //www.noura.com.pk/cdn/shop/files/AyeshaNoura-1308.jpg?v=1730488361&width=1100 1100w, //www.noura.com.pk/cdn/shop/files/AyeshaNoura-1308.jpg?v=1730488361&width=1206 1206w, //www.noura.com.pk/cdn/shop/files/AyeshaNoura-1308.jpg?v=1730488361&width=1346 1346w, //www.noura.com.pk/cdn/shop/files/AyeshaNoura-1308.jpg?v=1730488361&width=1426 1426w, //www.noura.com.pk/cdn/shop/files/AyeshaNoura-1308.jpg?v=1730488361&width=1646 1646w, //www.noura.com.pk/cdn/shop/files/AyeshaNoura-1308.jpg?v=1730488361&width=1946 1946w'),
(61, '\'Naaz Embroidered Suit - 2 pc\'', 'Regular price\n\n          Rs.3,999.00 PKR', 'Size\n\n\n      XSVariant sold out or unavailable\n\n\n      SVariant sold out or unavailable\n\n\n      MVariant sold out or unavailable\n\n\n      LVariant sold out or unavailable\n\n\n      XLVariant sol', 'https://www.noura.com.pk/products/naaz-embroidered-suit', '//www.noura.com.pk/cdn/shop/files/AyeshaNoura-744.jpg?v=1730489555&width=246 246w, //www.noura.com.pk/cdn/shop/files/AyeshaNoura-744.jpg?v=1730489555&width=493 493w, //www.noura.com.pk/cdn/shop/files/AyeshaNoura-744.jpg?v=1730489555&width=600 600w, //www.noura.com.pk/cdn/shop/files/AyeshaNoura-744.jpg?v=1730489555&width=713 713w, //www.noura.com.pk/cdn/shop/files/AyeshaNoura-744.jpg?v=1730489555&width=823 823w, //www.noura.com.pk/cdn/shop/files/AyeshaNoura-744.jpg?v=1730489555&width=990 990w, //www.noura.com.pk/cdn/shop/files/AyeshaNoura-744.jpg?v=1730489555&width=1100 1100w, //www.noura.com.pk/cdn/shop/files/AyeshaNoura-744.jpg?v=1730489555&width=1206 1206w, //www.noura.com.pk/cdn/shop/files/AyeshaNoura-744.jpg?v=1730489555&width=1346 1346w, //www.noura.com.pk/cdn/shop/files/AyeshaNoura-744.jpg?v=1730489555&width=1426 1426w, //www.noura.com.pk/cdn/shop/files/AyeshaNoura-744.jpg?v=1730489555&width=1646 1646w, //www.noura.com.pk/cdn/shop/files/AyeshaNoura-744.jpg?v=1730489555&width=1946 1946w'),
(65, '\'Ice Blue on Gray Embroidered Suit - 2pc\'', 'Regular price\n\n          Rs.4,499.00 PKR', 'Color\n\n\n      Ice BlueVariant sold out or unavailable,Material\n\n\n      Premium Summer Lawn CottonVariant sold out or unavailable,Size\n\n\n      XSVariant sold out or unavailable\n\n\n      SVarian', 'https://www.noura.com.pk/products/ice-blue-embroidered-lawn-suit', '//www.noura.com.pk/cdn/shop/files/Noura-339.jpg?v=1716537653&width=246 246w, //www.noura.com.pk/cdn/shop/files/Noura-339.jpg?v=1716537653&width=493 493w, //www.noura.com.pk/cdn/shop/files/Noura-339.jpg?v=1716537653&width=600 600w, //www.noura.com.pk/cdn/shop/files/Noura-339.jpg?v=1716537653&width=713 713w, //www.noura.com.pk/cdn/shop/files/Noura-339.jpg?v=1716537653&width=823 823w, //www.noura.com.pk/cdn/shop/files/Noura-339.jpg?v=1716537653&width=990 990w, //www.noura.com.pk/cdn/shop/files/Noura-339.jpg?v=1716537653&width=1100 1100w, //www.noura.com.pk/cdn/shop/files/Noura-339.jpg?v=1716537653&width=1206 1206w, //www.noura.com.pk/cdn/shop/files/Noura-339.jpg?v=1716537653&width=1346 1346w, //www.noura.com.pk/cdn/shop/files/Noura-339.jpg?v=1716537653&width=1426 1426w, //www.noura.com.pk/cdn/shop/files/Noura-339.jpg?v=1716537653&width=1646 1646w, //www.noura.com.pk/cdn/shop/files/Noura-339.jpg?v=1716537653&width=1946 1946w'),
(67, '\'Daisy - 2pc/3pc Embroidered Suit\'', 'Regular price\n\n          Rs.3,199.00 PKR', 'Dupatta\n\n\n      Without DupattaVariant sold out or unavailable\n\n\n      With DupattaVariant sold out or unavailable,Fabric\n\n\n      Premium Summer Lawn CottonVariant sold out or unavailable,Siz', 'https://www.noura.com.pk/products/daisy-2pc-3pc-embroidered-suit', '//www.noura.com.pk/cdn/shop/files/Maheen-477_bdafcf23-899e-4dd8-bb35-356b84f9bae5.jpg?v=1723653643&width=246 246w, //www.noura.com.pk/cdn/shop/files/Maheen-477_bdafcf23-899e-4dd8-bb35-356b84f9bae5.jpg?v=1723653643&width=493 493w, //www.noura.com.pk/cdn/shop/files/Maheen-477_bdafcf23-899e-4dd8-bb35-356b84f9bae5.jpg?v=1723653643&width=600 600w, //www.noura.com.pk/cdn/shop/files/Maheen-477_bdafcf23-899e-4dd8-bb35-356b84f9bae5.jpg?v=1723653643&width=713 713w, //www.noura.com.pk/cdn/shop/files/Maheen-477_bdafcf23-899e-4dd8-bb35-356b84f9bae5.jpg?v=1723653643&width=823 823w, //www.noura.com.pk/cdn/shop/files/Maheen-477_bdafcf23-899e-4dd8-bb35-356b84f9bae5.jpg?v=1723653643&width=990 990w, //www.noura.com.pk/cdn/shop/files/Maheen-477_bdafcf23-899e-4dd8-bb35-356b84f9bae5.jpg?v=1723653643&width=1100 1100w, //www.noura.com.pk/cdn/shop/files/Maheen-477_bdafcf23-899e-4dd8-bb35-356b84f9bae5.jpg?v=1723653643&width=1206 1206w, //www.noura.com.pk/cdn/shop/files/Maheen-477_bdafcf23-899e-4dd8-bb35-356b84f9bae5.jpg?v=1723653643&width=1346 1346w, //www.noura.com.pk/cdn/shop/files/Maheen-477_bdafcf23-899e-4dd8-bb35-356b84f9bae5.jpg?v=1723653643&width=1426 1426w, //www.noura.com.pk/cdn/shop/files/Maheen-477_bdafcf23-899e-4dd8-bb35-356b84f9bae5.jpg?v=1723653643&width=1646 1646w, //www.noura.com.pk/cdn/shop/files/Maheen-477_bdafcf23-899e-4dd8-bb35-356b84f9bae5.jpg?v=1723653643&width=1946 1946w'),
(69, '\'Eraya - 2pc/3pc Embroidered Suit\'', 'Regular price\n\n          Rs.2,750.00 PKR', 'Dupatta\n\n\n      Without DupattaVariant sold out or unavailable\n\n\n      With DupattaVariant sold out or unavailable,Fabric\n\n\n      Premium Summer Lawn CottonVariant sold out or unavailable,Siz', 'https://www.noura.com.pk/products/eraya-2pc-3pc-embroidered-suit', '//www.noura.com.pk/cdn/shop/files/Maheen-664_a3af873c-4008-4857-858b-87da5977a2a6.jpg?v=1723653687&width=246 246w, //www.noura.com.pk/cdn/shop/files/Maheen-664_a3af873c-4008-4857-858b-87da5977a2a6.jpg?v=1723653687&width=493 493w, //www.noura.com.pk/cdn/shop/files/Maheen-664_a3af873c-4008-4857-858b-87da5977a2a6.jpg?v=1723653687&width=600 600w, //www.noura.com.pk/cdn/shop/files/Maheen-664_a3af873c-4008-4857-858b-87da5977a2a6.jpg?v=1723653687&width=713 713w, //www.noura.com.pk/cdn/shop/files/Maheen-664_a3af873c-4008-4857-858b-87da5977a2a6.jpg?v=1723653687&width=823 823w, //www.noura.com.pk/cdn/shop/files/Maheen-664_a3af873c-4008-4857-858b-87da5977a2a6.jpg?v=1723653687&width=990 990w, //www.noura.com.pk/cdn/shop/files/Maheen-664_a3af873c-4008-4857-858b-87da5977a2a6.jpg?v=1723653687&width=1100 1100w, //www.noura.com.pk/cdn/shop/files/Maheen-664_a3af873c-4008-4857-858b-87da5977a2a6.jpg?v=1723653687&width=1206 1206w, //www.noura.com.pk/cdn/shop/files/Maheen-664_a3af873c-4008-4857-858b-87da5977a2a6.jpg?v=1723653687&width=1346 1346w, //www.noura.com.pk/cdn/shop/files/Maheen-664_a3af873c-4008-4857-858b-87da5977a2a6.jpg?v=1723653687&width=1426 1426w, //www.noura.com.pk/cdn/shop/files/Maheen-664_a3af873c-4008-4857-858b-87da5977a2a6.jpg?v=1723653687&width=1646 1646w, //www.noura.com.pk/cdn/shop/files/Maheen-664_a3af873c-4008-4857-858b-87da5977a2a6.jpg?v=1723653687&width=1946 1946w'),
(71, '\'Zoe - 2pc/3pc Embroidered Suit\'', 'Regular price\n\n          Rs.3,199.00 PKR', 'Dupatta\n\n\n      Without DupattaVariant sold out or unavailable\n\n\n      With DupattaVariant sold out or unavailable,Fabric\n\n\n      Premium Summer Lawn CottonVariant sold out or unavailable,Siz', 'https://www.noura.com.pk/products/zoe-2pc-3pc-embroidered-suit', '//www.noura.com.pk/cdn/shop/files/Maheen-819_20415b20-645c-4415-8a71-e59439616591.jpg?v=1723653843&width=246 246w, //www.noura.com.pk/cdn/shop/files/Maheen-819_20415b20-645c-4415-8a71-e59439616591.jpg?v=1723653843&width=493 493w, //www.noura.com.pk/cdn/shop/files/Maheen-819_20415b20-645c-4415-8a71-e59439616591.jpg?v=1723653843&width=600 600w, //www.noura.com.pk/cdn/shop/files/Maheen-819_20415b20-645c-4415-8a71-e59439616591.jpg?v=1723653843&width=713 713w, //www.noura.com.pk/cdn/shop/files/Maheen-819_20415b20-645c-4415-8a71-e59439616591.jpg?v=1723653843&width=823 823w, //www.noura.com.pk/cdn/shop/files/Maheen-819_20415b20-645c-4415-8a71-e59439616591.jpg?v=1723653843&width=990 990w, //www.noura.com.pk/cdn/shop/files/Maheen-819_20415b20-645c-4415-8a71-e59439616591.jpg?v=1723653843&width=1100 1100w, //www.noura.com.pk/cdn/shop/files/Maheen-819_20415b20-645c-4415-8a71-e59439616591.jpg?v=1723653843&width=1206 1206w, //www.noura.com.pk/cdn/shop/files/Maheen-819_20415b20-645c-4415-8a71-e59439616591.jpg?v=1723653843&width=1346 1346w, //www.noura.com.pk/cdn/shop/files/Maheen-819_20415b20-645c-4415-8a71-e59439616591.jpg?v=1723653843&width=1426 1426w, //www.noura.com.pk/cdn/shop/files/Maheen-819_20415b20-645c-4415-8a71-e59439616591.jpg?v=1723653843&width=1646 1646w, //www.noura.com.pk/cdn/shop/files/Maheen-819_20415b20-645c-4415-8a71-e59439616591.jpg?v=1723653843&width=1946 1946w'),
(73, '\'Mulberry - 2pc Embroidered Suit\'', 'Regular price\n\n          Rs.2,999.00 PKR', 'Fabric\n\n\n      Premium Summer Lawn CottonVariant sold out or unavailable,Size\n\n\n      XSVariant sold out or unavailable\n\n\n      SVariant sold out or unavailable\n\n\n      MVariant sold out or u', 'https://www.noura.com.pk/products/mulberry', '//www.noura.com.pk/cdn/shop/files/Maheen-271_39c713ed-15f3-4d4f-b6ed-79e7a9230c23.jpg?v=1723653792&width=246 246w, //www.noura.com.pk/cdn/shop/files/Maheen-271_39c713ed-15f3-4d4f-b6ed-79e7a9230c23.jpg?v=1723653792&width=493 493w, //www.noura.com.pk/cdn/shop/files/Maheen-271_39c713ed-15f3-4d4f-b6ed-79e7a9230c23.jpg?v=1723653792&width=600 600w, //www.noura.com.pk/cdn/shop/files/Maheen-271_39c713ed-15f3-4d4f-b6ed-79e7a9230c23.jpg?v=1723653792&width=713 713w, //www.noura.com.pk/cdn/shop/files/Maheen-271_39c713ed-15f3-4d4f-b6ed-79e7a9230c23.jpg?v=1723653792&width=823 823w, //www.noura.com.pk/cdn/shop/files/Maheen-271_39c713ed-15f3-4d4f-b6ed-79e7a9230c23.jpg?v=1723653792&width=990 990w, //www.noura.com.pk/cdn/shop/files/Maheen-271_39c713ed-15f3-4d4f-b6ed-79e7a9230c23.jpg?v=1723653792&width=1100 1100w, //www.noura.com.pk/cdn/shop/files/Maheen-271_39c713ed-15f3-4d4f-b6ed-79e7a9230c23.jpg?v=1723653792&width=1206 1206w, //www.noura.com.pk/cdn/shop/files/Maheen-271_39c713ed-15f3-4d4f-b6ed-79e7a9230c23.jpg?v=1723653792&width=1346 1346w, //www.noura.com.pk/cdn/shop/files/Maheen-271_39c713ed-15f3-4d4f-b6ed-79e7a9230c23.jpg?v=1723653792&width=1426 1426w, //www.noura.com.pk/cdn/shop/files/Maheen-271_39c713ed-15f3-4d4f-b6ed-79e7a9230c23.jpg?v=1723653792&width=1646 1646w, //www.noura.com.pk/cdn/shop/files/Maheen-271_39c713ed-15f3-4d4f-b6ed-79e7a9230c23.jpg?v=1723653792&width=1946 1946w'),
(75, '\'Miran 2pc/3pc Embroidered Suit\'', 'Regular price\n\n          Rs.4,499.00 PKR', 'Size\n\n\n      XSVariant sold out or unavailable\n\n\n      SVariant sold out or unavailable\n\n\n      MVariant sold out or unavailable\n\n\n      LVariant sold out or unavailable\n\n\n      XLVariant sol', 'https://www.noura.com.pk/products/miran-2pc-3pc-embroidered-suit', '//www.noura.com.pk/cdn/shop/files/imgonline-com-ua-resize-sqAApVYfVGPi2Yt_de813354-a933-47d6-b7d2-10f3d0317ac1.jpg?v=1721979332&width=246 246w, //www.noura.com.pk/cdn/shop/files/imgonline-com-ua-resize-sqAApVYfVGPi2Yt_de813354-a933-47d6-b7d2-10f3d0317ac1.jpg?v=1721979332&width=493 493w, //www.noura.com.pk/cdn/shop/files/imgonline-com-ua-resize-sqAApVYfVGPi2Yt_de813354-a933-47d6-b7d2-10f3d0317ac1.jpg?v=1721979332&width=600 600w, //www.noura.com.pk/cdn/shop/files/imgonline-com-ua-resize-sqAApVYfVGPi2Yt_de813354-a933-47d6-b7d2-10f3d0317ac1.jpg?v=1721979332&width=713 713w, //www.noura.com.pk/cdn/shop/files/imgonline-com-ua-resize-sqAApVYfVGPi2Yt_de813354-a933-47d6-b7d2-10f3d0317ac1.jpg?v=1721979332&width=823 823w, //www.noura.com.pk/cdn/shop/files/imgonline-com-ua-resize-sqAApVYfVGPi2Yt_de813354-a933-47d6-b7d2-10f3d0317ac1.jpg?v=1721979332&width=990 990w, //www.noura.com.pk/cdn/shop/files/imgonline-com-ua-resize-sqAApVYfVGPi2Yt_de813354-a933-47d6-b7d2-10f3d0317ac1.jpg?v=1721979332&width=1100 1100w, //www.noura.com.pk/cdn/shop/files/imgonline-com-ua-resize-sqAApVYfVGPi2Yt_de813354-a933-47d6-b7d2-10f3d0317ac1.jpg?v=1721979332&width=1206 1206w, //www.noura.com.pk/cdn/shop/files/imgonline-com-ua-resize-sqAApVYfVGPi2Yt_de813354-a933-47d6-b7d2-10f3d0317ac1.jpg?v=1721979332&width=1346 1346w, //www.noura.com.pk/cdn/shop/files/imgonline-com-ua-resize-sqAApVYfVGPi2Yt_de813354-a933-47d6-b7d2-10f3d0317ac1.jpg?v=1721979332&width=1426 1426w, //www.noura.com.pk/cdn/shop/files/imgonline-com-ua-resize-sqAApVYfVGPi2Yt_de813354-a933-47d6-b7d2-10f3d0317ac1.jpg?v=1721979332&width=1646 1646w, //www.noura.com.pk/cdn/shop/files/imgonline-com-ua-resize-sqAApVYfVGPi2Yt_de813354-a933-47d6-b7d2-10f3d0317ac1.jpg?v=1721979332&width=1946 1946w'),
(77, '\'Deena - 2pc/3pc Embroidered Suit\'', 'Regular price\n\n          Rs.2,999.00 PKR', 'Dupatta\n\n\n      Without DupattaVariant sold out or unavailable\n\n\n      With DupattaVariant sold out or unavailable,Fabric\n\n\n      Premium Summer Lawn CottonVariant sold out or unavailable,Siz', 'https://www.noura.com.pk/products/deena-2pc-3pc-embroidered-suit', '//www.noura.com.pk/cdn/shop/files/Maheen-385_e0b7a9d7-f71f-4338-a523-8c23a36d0db1.jpg?v=1723653720&width=246 246w, //www.noura.com.pk/cdn/shop/files/Maheen-385_e0b7a9d7-f71f-4338-a523-8c23a36d0db1.jpg?v=1723653720&width=493 493w, //www.noura.com.pk/cdn/shop/files/Maheen-385_e0b7a9d7-f71f-4338-a523-8c23a36d0db1.jpg?v=1723653720&width=600 600w, //www.noura.com.pk/cdn/shop/files/Maheen-385_e0b7a9d7-f71f-4338-a523-8c23a36d0db1.jpg?v=1723653720&width=713 713w, //www.noura.com.pk/cdn/shop/files/Maheen-385_e0b7a9d7-f71f-4338-a523-8c23a36d0db1.jpg?v=1723653720&width=823 823w, //www.noura.com.pk/cdn/shop/files/Maheen-385_e0b7a9d7-f71f-4338-a523-8c23a36d0db1.jpg?v=1723653720&width=990 990w, //www.noura.com.pk/cdn/shop/files/Maheen-385_e0b7a9d7-f71f-4338-a523-8c23a36d0db1.jpg?v=1723653720&width=1100 1100w, //www.noura.com.pk/cdn/shop/files/Maheen-385_e0b7a9d7-f71f-4338-a523-8c23a36d0db1.jpg?v=1723653720&width=1206 1206w, //www.noura.com.pk/cdn/shop/files/Maheen-385_e0b7a9d7-f71f-4338-a523-8c23a36d0db1.jpg?v=1723653720&width=1346 1346w, //www.noura.com.pk/cdn/shop/files/Maheen-385_e0b7a9d7-f71f-4338-a523-8c23a36d0db1.jpg?v=1723653720&width=1426 1426w, //www.noura.com.pk/cdn/shop/files/Maheen-385_e0b7a9d7-f71f-4338-a523-8c23a36d0db1.jpg?v=1723653720&width=1646 1646w, //www.noura.com.pk/cdn/shop/files/Maheen-385_e0b7a9d7-f71f-4338-a523-8c23a36d0db1.jpg?v=1723653720&width=1946 1946w'),
(79, '\'Black Embroidered Suit - 2pc/3pc\'', 'Regular price\n\n          Rs.3,999.00 PKR', 'Size\n\n\n      XSVariant sold out or unavailable\n\n\n      SVariant sold out or unavailable\n\n\n      MVariant sold out or unavailable\n\n\n      LVariant sold out or unavailable\n\n\n      XLVariant sol', 'https://www.noura.com.pk/products/black-n-white-embroided-suit', '//www.noura.com.pk/cdn/shop/files/Noura-293.jpg?v=1734692489&width=246 246w, //www.noura.com.pk/cdn/shop/files/Noura-293.jpg?v=1734692489&width=493 493w, //www.noura.com.pk/cdn/shop/files/Noura-293.jpg?v=1734692489&width=600 600w, //www.noura.com.pk/cdn/shop/files/Noura-293.jpg?v=1734692489&width=713 713w, //www.noura.com.pk/cdn/shop/files/Noura-293.jpg?v=1734692489&width=823 823w, //www.noura.com.pk/cdn/shop/files/Noura-293.jpg?v=1734692489&width=990 990w, //www.noura.com.pk/cdn/shop/files/Noura-293.jpg?v=1734692489&width=1100 1100w, //www.noura.com.pk/cdn/shop/files/Noura-293.jpg?v=1734692489&width=1206 1206w, //www.noura.com.pk/cdn/shop/files/Noura-293.jpg?v=1734692489&width=1346 1346w, //www.noura.com.pk/cdn/shop/files/Noura-293.jpg?v=1734692489&width=1426 1426w, //www.noura.com.pk/cdn/shop/files/Noura-293.jpg?v=1734692489&width=1646 1646w, //www.noura.com.pk/cdn/shop/files/Noura-293.jpg?v=1734692489&width=1946 1946w'),
(81, '\'White Embroidered Suit - 2pc/3pc\'', 'Regular price\n\n          Rs.2,650.00 PKR', 'Dupatta\n\n\n      Without DupattaVariant sold out or unavailable\n\n\n      With DupattaVariant sold out or unavailable,Material\n\n\n      Premium Summer Lawn CottonVariant sold out or unavailable,S', 'https://www.noura.com.pk/products/white-embroided-lawn-suit', '//www.noura.com.pk/cdn/shop/files/Noura-773.jpg?v=1716537818&width=246 246w, //www.noura.com.pk/cdn/shop/files/Noura-773.jpg?v=1716537818&width=493 493w, //www.noura.com.pk/cdn/shop/files/Noura-773.jpg?v=1716537818&width=600 600w, //www.noura.com.pk/cdn/shop/files/Noura-773.jpg?v=1716537818&width=713 713w, //www.noura.com.pk/cdn/shop/files/Noura-773.jpg?v=1716537818&width=823 823w, //www.noura.com.pk/cdn/shop/files/Noura-773.jpg?v=1716537818&width=990 990w, //www.noura.com.pk/cdn/shop/files/Noura-773.jpg?v=1716537818&width=1100 1100w, //www.noura.com.pk/cdn/shop/files/Noura-773.jpg?v=1716537818&width=1206 1206w, //www.noura.com.pk/cdn/shop/files/Noura-773.jpg?v=1716537818&width=1346 1346w, //www.noura.com.pk/cdn/shop/files/Noura-773.jpg?v=1716537818&width=1426 1426w, //www.noura.com.pk/cdn/shop/files/Noura-773.jpg?v=1716537818&width=1646 1646w, //www.noura.com.pk/cdn/shop/files/Noura-773.jpg?v=1716537818&width=1946 1946w'),
(83, '\'Beige Embroidered Suit - 2pc\'', 'Regular price\n\n          Rs.2,750.00 PKR', 'Color\n\n\n      BeigeVariant sold out or unavailable,Material\n\n\n      Premium Summer Lawn CottonVariant sold out or unavailable,Size\n\n\n      XSVariant sold out or unavailable\n\n\n      SVariant s', 'https://www.noura.com.pk/products/beige-embroidered-lawn-suit', '//www.noura.com.pk/cdn/shop/files/Noura-434.jpg?v=1716537517&width=246 246w, //www.noura.com.pk/cdn/shop/files/Noura-434.jpg?v=1716537517&width=493 493w, //www.noura.com.pk/cdn/shop/files/Noura-434.jpg?v=1716537517&width=600 600w, //www.noura.com.pk/cdn/shop/files/Noura-434.jpg?v=1716537517&width=713 713w, //www.noura.com.pk/cdn/shop/files/Noura-434.jpg?v=1716537517&width=823 823w, //www.noura.com.pk/cdn/shop/files/Noura-434.jpg?v=1716537517&width=990 990w, //www.noura.com.pk/cdn/shop/files/Noura-434.jpg?v=1716537517&width=1100 1100w, //www.noura.com.pk/cdn/shop/files/Noura-434.jpg?v=1716537517&width=1206 1206w, //www.noura.com.pk/cdn/shop/files/Noura-434.jpg?v=1716537517&width=1346 1346w, //www.noura.com.pk/cdn/shop/files/Noura-434.jpg?v=1716537517&width=1426 1426w, //www.noura.com.pk/cdn/shop/files/Noura-434.jpg?v=1716537517&width=1646 1646w, //www.noura.com.pk/cdn/shop/files/Noura-434.jpg?v=1716537517&width=1946 1946w');
INSERT INTO `product_detail` (`Product_id`, `Product_name`, `Product_price`, `Product_size`, `Product_link`, `Product_image`) VALUES
(85, '\'Alaya - 2pc Embroidered Suit\'', 'Regular price\n\n          Rs.3,150.00 PKR', 'Fabric\n\n\n      Premium Summer Lawn CottonVariant sold out or unavailable,Size\n\n\n      XSVariant sold out or unavailable\n\n\n      SVariant sold out or unavailable\n\n\n      MVariant sold out or u', 'https://www.noura.com.pk/products/alaya-2pc-embroidered-suit', '//www.noura.com.pk/cdn/shop/files/Maheen-929_48bd941d-c93d-4877-b689-044ba16d640a.jpg?v=1723653606&width=246 246w, //www.noura.com.pk/cdn/shop/files/Maheen-929_48bd941d-c93d-4877-b689-044ba16d640a.jpg?v=1723653606&width=493 493w, //www.noura.com.pk/cdn/shop/files/Maheen-929_48bd941d-c93d-4877-b689-044ba16d640a.jpg?v=1723653606&width=600 600w, //www.noura.com.pk/cdn/shop/files/Maheen-929_48bd941d-c93d-4877-b689-044ba16d640a.jpg?v=1723653606&width=713 713w, //www.noura.com.pk/cdn/shop/files/Maheen-929_48bd941d-c93d-4877-b689-044ba16d640a.jpg?v=1723653606&width=823 823w, //www.noura.com.pk/cdn/shop/files/Maheen-929_48bd941d-c93d-4877-b689-044ba16d640a.jpg?v=1723653606&width=990 990w, //www.noura.com.pk/cdn/shop/files/Maheen-929_48bd941d-c93d-4877-b689-044ba16d640a.jpg?v=1723653606&width=1100 1100w, //www.noura.com.pk/cdn/shop/files/Maheen-929_48bd941d-c93d-4877-b689-044ba16d640a.jpg?v=1723653606&width=1206 1206w, //www.noura.com.pk/cdn/shop/files/Maheen-929_48bd941d-c93d-4877-b689-044ba16d640a.jpg?v=1723653606&width=1346 1346w, //www.noura.com.pk/cdn/shop/files/Maheen-929_48bd941d-c93d-4877-b689-044ba16d640a.jpg?v=1723653606&width=1426 1426w, //www.noura.com.pk/cdn/shop/files/Maheen-929_48bd941d-c93d-4877-b689-044ba16d640a.jpg?v=1723653606&width=1646 1646w, //www.noura.com.pk/cdn/shop/files/Maheen-929_48bd941d-c93d-4877-b689-044ba16d640a.jpg?v=1723653606&width=1946 1946w'),
(87, '\'Maroon Embroidered Suit - 2pc/3pc\'', 'Regular price\n\n          Rs.2,999.00 PKR', 'Size\n\n\n      XSVariant sold out or unavailable\n\n\n      SVariant sold out or unavailable\n\n\n      MVariant sold out or unavailable\n\n\n      LVariant sold out or unavailable\n\n\n      XLVariant sol', 'https://www.noura.com.pk/products/maroon-embroidered-suit-2pc-3pc', '//www.noura.com.pk/cdn/shop/files/Noura-293-maroon-w3.jpg?v=1717047864&width=246 246w, //www.noura.com.pk/cdn/shop/files/Noura-293-maroon-w3.jpg?v=1717047864&width=493 493w, //www.noura.com.pk/cdn/shop/files/Noura-293-maroon-w3.jpg?v=1717047864&width=600 600w, //www.noura.com.pk/cdn/shop/files/Noura-293-maroon-w3.jpg?v=1717047864&width=713 713w, //www.noura.com.pk/cdn/shop/files/Noura-293-maroon-w3.jpg?v=1717047864&width=823 823w, //www.noura.com.pk/cdn/shop/files/Noura-293-maroon-w3.jpg?v=1717047864&width=990 990w, //www.noura.com.pk/cdn/shop/files/Noura-293-maroon-w3.jpg?v=1717047864&width=1100 1100w, //www.noura.com.pk/cdn/shop/files/Noura-293-maroon-w3.jpg?v=1717047864&width=1206 1206w, //www.noura.com.pk/cdn/shop/files/Noura-293-maroon-w3.jpg?v=1717047864&width=1346 1346w, //www.noura.com.pk/cdn/shop/files/Noura-293-maroon-w3.jpg?v=1717047864&width=1426 1426w, //www.noura.com.pk/cdn/shop/files/Noura-293-maroon-w3.jpg?v=1717047864&width=1646 1646w, //www.noura.com.pk/cdn/shop/files/Noura-293-maroon-w3.jpg?v=1717047864&width=1946 1946w'),
(89, '\'Meya - 2pc/3pc Embroidered Suit\'', 'Regular price\n\n          Rs.2,750.00 PKR', 'Size\n\n\n      XSVariant sold out or unavailable\n\n\n      SVariant sold out or unavailable\n\n\n      MVariant sold out or unavailable\n\n\n      LVariant sold out or unavailable\n\n\n      XLVariant sol', 'https://www.noura.com.pk/products/pink-embroided-suit-2pc', '//www.noura.com.pk/cdn/shop/files/Noura-92.jpg?v=1716537698&width=246 246w, //www.noura.com.pk/cdn/shop/files/Noura-92.jpg?v=1716537698&width=493 493w, //www.noura.com.pk/cdn/shop/files/Noura-92.jpg?v=1716537698&width=600 600w, //www.noura.com.pk/cdn/shop/files/Noura-92.jpg?v=1716537698&width=713 713w, //www.noura.com.pk/cdn/shop/files/Noura-92.jpg?v=1716537698&width=823 823w, //www.noura.com.pk/cdn/shop/files/Noura-92.jpg?v=1716537698&width=990 990w, //www.noura.com.pk/cdn/shop/files/Noura-92.jpg?v=1716537698&width=1100 1100w, //www.noura.com.pk/cdn/shop/files/Noura-92.jpg?v=1716537698&width=1206 1206w, //www.noura.com.pk/cdn/shop/files/Noura-92.jpg?v=1716537698&width=1346 1346w, //www.noura.com.pk/cdn/shop/files/Noura-92.jpg?v=1716537698&width=1426 1426w, //www.noura.com.pk/cdn/shop/files/Noura-92.jpg?v=1716537698&width=1646 1646w, //www.noura.com.pk/cdn/shop/files/Noura-92.jpg?v=1716537698&width=1946 1946w'),
(91, '\'Green Embroidered Suit - 2pc/3pc\'', 'Regular price\n\n          Rs.2,599.00 PKR', 'Size\n\n\n      XSVariant sold out or unavailable\n\n\n      SVariant sold out or unavailable\n\n\n      MVariant sold out or unavailable\n\n\n      LVariant sold out or unavailable\n\n\n      XLVariant sol', 'https://www.noura.com.pk/products/green-embroidered-lawn-suit', '//www.noura.com.pk/cdn/shop/files/Noura-664.jpg?v=1716537584&width=246 246w, //www.noura.com.pk/cdn/shop/files/Noura-664.jpg?v=1716537584&width=493 493w, //www.noura.com.pk/cdn/shop/files/Noura-664.jpg?v=1716537584&width=600 600w, //www.noura.com.pk/cdn/shop/files/Noura-664.jpg?v=1716537584&width=713 713w, //www.noura.com.pk/cdn/shop/files/Noura-664.jpg?v=1716537584&width=823 823w, //www.noura.com.pk/cdn/shop/files/Noura-664.jpg?v=1716537584&width=990 990w, //www.noura.com.pk/cdn/shop/files/Noura-664.jpg?v=1716537584&width=1100 1100w, //www.noura.com.pk/cdn/shop/files/Noura-664.jpg?v=1716537584&width=1206 1206w, //www.noura.com.pk/cdn/shop/files/Noura-664.jpg?v=1716537584&width=1346 1346w, //www.noura.com.pk/cdn/shop/files/Noura-664.jpg?v=1716537584&width=1426 1426w, //www.noura.com.pk/cdn/shop/files/Noura-664.jpg?v=1716537584&width=1646 1646w, //www.noura.com.pk/cdn/shop/files/Noura-664.jpg?v=1716537584&width=1946 1946w'),
(93, '\'Baby Pink Embroidered Suit - 2pc/3pc\'', 'Regular price\n\n          Rs.2,750.00 PKR', 'Size\n\n\n      XSVariant sold out or unavailable\n\n\n      SVariant sold out or unavailable\n\n\n      MVariant sold out or unavailable\n\n\n      LVariant sold out or unavailable\n\n\n      XLVariant sol', 'https://www.noura.com.pk/products/daneen', '//www.noura.com.pk/cdn/shop/files/Noura-3_575ad66d-3509-4906-b572-534e3a0d81da.jpg?v=1716537461&width=246 246w, //www.noura.com.pk/cdn/shop/files/Noura-3_575ad66d-3509-4906-b572-534e3a0d81da.jpg?v=1716537461&width=493 493w, //www.noura.com.pk/cdn/shop/files/Noura-3_575ad66d-3509-4906-b572-534e3a0d81da.jpg?v=1716537461&width=600 600w, //www.noura.com.pk/cdn/shop/files/Noura-3_575ad66d-3509-4906-b572-534e3a0d81da.jpg?v=1716537461&width=713 713w, //www.noura.com.pk/cdn/shop/files/Noura-3_575ad66d-3509-4906-b572-534e3a0d81da.jpg?v=1716537461&width=823 823w, //www.noura.com.pk/cdn/shop/files/Noura-3_575ad66d-3509-4906-b572-534e3a0d81da.jpg?v=1716537461&width=990 990w, //www.noura.com.pk/cdn/shop/files/Noura-3_575ad66d-3509-4906-b572-534e3a0d81da.jpg?v=1716537461&width=1100 1100w, //www.noura.com.pk/cdn/shop/files/Noura-3_575ad66d-3509-4906-b572-534e3a0d81da.jpg?v=1716537461&width=1206 1206w, //www.noura.com.pk/cdn/shop/files/Noura-3_575ad66d-3509-4906-b572-534e3a0d81da.jpg?v=1716537461&width=1346 1346w, //www.noura.com.pk/cdn/shop/files/Noura-3_575ad66d-3509-4906-b572-534e3a0d81da.jpg?v=1716537461&width=1426 1426w, //www.noura.com.pk/cdn/shop/files/Noura-3_575ad66d-3509-4906-b572-534e3a0d81da.jpg?v=1716537461&width=1646 1646w, //www.noura.com.pk/cdn/shop/files/Noura-3_575ad66d-3509-4906-b572-534e3a0d81da.jpg?v=1716537461&width=1946 1946w'),
(95, '\'Dark Blue Embroidered Suit - 2pc\'', 'Regular price\n\n          Rs.2,699.00 PKR', 'Color\n\n\n      Dark BlueVariant sold out or unavailable,Material\n\n\n      Premium Summer Lawn CottonVariant sold out or unavailable,Size\n\n\n      XSVariant sold out or unavailable\n\n\n      SVaria', 'https://www.noura.com.pk/products/dark-blue-embroided-suit-2pc', '//www.noura.com.pk/cdn/shop/files/Noura-882.jpg?v=1716537562&width=246 246w, //www.noura.com.pk/cdn/shop/files/Noura-882.jpg?v=1716537562&width=493 493w, //www.noura.com.pk/cdn/shop/files/Noura-882.jpg?v=1716537562&width=600 600w, //www.noura.com.pk/cdn/shop/files/Noura-882.jpg?v=1716537562&width=713 713w, //www.noura.com.pk/cdn/shop/files/Noura-882.jpg?v=1716537562&width=823 823w, //www.noura.com.pk/cdn/shop/files/Noura-882.jpg?v=1716537562&width=990 990w, //www.noura.com.pk/cdn/shop/files/Noura-882.jpg?v=1716537562&width=1100 1100w, //www.noura.com.pk/cdn/shop/files/Noura-882.jpg?v=1716537562&width=1206 1206w, //www.noura.com.pk/cdn/shop/files/Noura-882.jpg?v=1716537562&width=1346 1346w, //www.noura.com.pk/cdn/shop/files/Noura-882.jpg?v=1716537562&width=1426 1426w, //www.noura.com.pk/cdn/shop/files/Noura-882.jpg?v=1716537562&width=1646 1646w, //www.noura.com.pk/cdn/shop/files/Noura-882.jpg?v=1716537562&width=1946 1946w'),
(97, '\'Zaria - 2pc/3pc Embroidered Suit\'', 'Regular price\n\n          Rs.3,199.00 PKR', 'Dupatta\n\n\n      Without DupattaVariant sold out or unavailable\n\n\n      DupattaVariant sold out or unavailable,Fabric\n\n\n      Premium Summer Lawn CottonVariant sold out or unavailable,Size\n\n\n ', 'https://www.noura.com.pk/products/white-2pc-3pc-embroidered-suit', '//www.noura.com.pk/cdn/shop/files/Maheen-109_2b7ee599-b31b-46a0-aa18-c7a93b2e5b18.jpg?v=1723653885&width=246 246w, //www.noura.com.pk/cdn/shop/files/Maheen-109_2b7ee599-b31b-46a0-aa18-c7a93b2e5b18.jpg?v=1723653885&width=493 493w, //www.noura.com.pk/cdn/shop/files/Maheen-109_2b7ee599-b31b-46a0-aa18-c7a93b2e5b18.jpg?v=1723653885&width=600 600w, //www.noura.com.pk/cdn/shop/files/Maheen-109_2b7ee599-b31b-46a0-aa18-c7a93b2e5b18.jpg?v=1723653885&width=713 713w, //www.noura.com.pk/cdn/shop/files/Maheen-109_2b7ee599-b31b-46a0-aa18-c7a93b2e5b18.jpg?v=1723653885&width=823 823w, //www.noura.com.pk/cdn/shop/files/Maheen-109_2b7ee599-b31b-46a0-aa18-c7a93b2e5b18.jpg?v=1723653885&width=990 990w, //www.noura.com.pk/cdn/shop/files/Maheen-109_2b7ee599-b31b-46a0-aa18-c7a93b2e5b18.jpg?v=1723653885&width=1100 1100w, //www.noura.com.pk/cdn/shop/files/Maheen-109_2b7ee599-b31b-46a0-aa18-c7a93b2e5b18.jpg?v=1723653885&width=1206 1206w, //www.noura.com.pk/cdn/shop/files/Maheen-109_2b7ee599-b31b-46a0-aa18-c7a93b2e5b18.jpg?v=1723653885&width=1346 1346w, //www.noura.com.pk/cdn/shop/files/Maheen-109_2b7ee599-b31b-46a0-aa18-c7a93b2e5b18.jpg?v=1723653885&width=1426 1426w, //www.noura.com.pk/cdn/shop/files/Maheen-109_2b7ee599-b31b-46a0-aa18-c7a93b2e5b18.jpg?v=1723653885&width=1646 1646w, //www.noura.com.pk/cdn/shop/files/Maheen-109_2b7ee599-b31b-46a0-aa18-c7a93b2e5b18.jpg?v=1723653885&width=1946 1946w'),
(99, '\'Black Bird - 2pc Embroidered Suit\'', 'Regular price\n\n          Rs.3,350.00 PKR', 'Fabric\n\n\n      Premium Summer Lawn CottonVariant sold out or unavailable,Size\n\n\n      XSVariant sold out or unavailable\n\n\n      SVariant sold out or unavailable\n\n\n      MVariant sold out or u', 'https://www.noura.com.pk/products/black-bird-2pc-embroidered-suit', '//www.noura.com.pk/cdn/shop/files/Maheen-1052_7bdcf2d0-038e-4cc6-a4d0-b6624ef80120.jpg?v=1723653474&width=246 246w, //www.noura.com.pk/cdn/shop/files/Maheen-1052_7bdcf2d0-038e-4cc6-a4d0-b6624ef80120.jpg?v=1723653474&width=493 493w, //www.noura.com.pk/cdn/shop/files/Maheen-1052_7bdcf2d0-038e-4cc6-a4d0-b6624ef80120.jpg?v=1723653474&width=600 600w, //www.noura.com.pk/cdn/shop/files/Maheen-1052_7bdcf2d0-038e-4cc6-a4d0-b6624ef80120.jpg?v=1723653474&width=713 713w, //www.noura.com.pk/cdn/shop/files/Maheen-1052_7bdcf2d0-038e-4cc6-a4d0-b6624ef80120.jpg?v=1723653474&width=823 823w, //www.noura.com.pk/cdn/shop/files/Maheen-1052_7bdcf2d0-038e-4cc6-a4d0-b6624ef80120.jpg?v=1723653474&width=990 990w, //www.noura.com.pk/cdn/shop/files/Maheen-1052_7bdcf2d0-038e-4cc6-a4d0-b6624ef80120.jpg?v=1723653474&width=1100 1100w, //www.noura.com.pk/cdn/shop/files/Maheen-1052_7bdcf2d0-038e-4cc6-a4d0-b6624ef80120.jpg?v=1723653474&width=1206 1206w, //www.noura.com.pk/cdn/shop/files/Maheen-1052_7bdcf2d0-038e-4cc6-a4d0-b6624ef80120.jpg?v=1723653474&width=1346 1346w, //www.noura.com.pk/cdn/shop/files/Maheen-1052_7bdcf2d0-038e-4cc6-a4d0-b6624ef80120.jpg?v=1723653474&width=1426 1426w, //www.noura.com.pk/cdn/shop/files/Maheen-1052_7bdcf2d0-038e-4cc6-a4d0-b6624ef80120.jpg?v=1723653474&width=1646 1646w, //www.noura.com.pk/cdn/shop/files/Maheen-1052_7bdcf2d0-038e-4cc6-a4d0-b6624ef80120.jpg?v=1723653474&width=1946 1946w'),
(117, '\'Teal Embroidered Suit - 2pc\'', 'Regular price\n\n          Rs.2,750.00 PKR', 'Color\n\n\n      TealVariant sold out or unavailable,Material\n\n\n      Premium Summer Lawn CottonVariant sold out or unavailable,Size\n\n\n      XSVariant sold out or unavailable\n\n\n      SVariant so', 'https://www.noura.com.pk/products/teal-embroided-suit', '//www.noura.com.pk/cdn/shop/files/Noura-542.jpg?v=1716537728&width=246 246w, //www.noura.com.pk/cdn/shop/files/Noura-542.jpg?v=1716537728&width=493 493w, //www.noura.com.pk/cdn/shop/files/Noura-542.jpg?v=1716537728&width=600 600w, //www.noura.com.pk/cdn/shop/files/Noura-542.jpg?v=1716537728&width=713 713w, //www.noura.com.pk/cdn/shop/files/Noura-542.jpg?v=1716537728&width=823 823w, //www.noura.com.pk/cdn/shop/files/Noura-542.jpg?v=1716537728&width=990 990w, //www.noura.com.pk/cdn/shop/files/Noura-542.jpg?v=1716537728&width=1100 1100w, //www.noura.com.pk/cdn/shop/files/Noura-542.jpg?v=1716537728&width=1206 1206w, //www.noura.com.pk/cdn/shop/files/Noura-542.jpg?v=1716537728&width=1346 1346w, //www.noura.com.pk/cdn/shop/files/Noura-542.jpg?v=1716537728&width=1426 1426w, //www.noura.com.pk/cdn/shop/files/Noura-542.jpg?v=1716537728&width=1646 1646w, //www.noura.com.pk/cdn/shop/files/Noura-542.jpg?v=1716537728&width=1946 1946w');

-- --------------------------------------------------------

--
-- Table structure for table `search_history`
--

CREATE TABLE `search_history` (
  `id` int(11) NOT NULL,
  `user_id` int(11) DEFAULT NULL,
  `search_query` varchar(255) NOT NULL,
  `product_name` varchar(255) NOT NULL,
  `product_description` text NOT NULL,
  `regular_price` varchar(50) NOT NULL,
  `search_time` timestamp NOT NULL DEFAULT CURRENT_TIMESTAMP,
  `search_type` enum('text','image') DEFAULT 'text',
  `image_filename` varchar(255) DEFAULT NULL,
  `image_data` mediumblob
) ENGINE=InnoDB DEFAULT CHARSET=utf8;

--
-- Dumping data for table `search_history`
--

INSERT INTO `search_history` (`id`, `user_id`, `search_query`, `product_name`, `product_description`, `regular_price`, `search_time`, `search_type`, `image_filename`, `image_data`) VALUES
(446, 1, 'red dress', '\'Zoe - Embroidered Dupatta\'', '\'Product Details:\nWhite Chiffon dupatta accentuated with minimal black embroidery.\nNote: \n Actual colors may vary slightly from the image shown.\'', 'Regular price\n\n          Rs.1,499.00 PKR', '2025-04-06 15:16:18', 'text', NULL, NULL),
(447, 1, 'red dress', '\'Zoe - 2pc/3pc Embroidered Suit\'', '\'Product Details:\nColor:\n\nBlack\n\nTwo-Piece Stitched:\n\n\nShirt:Embroidered lawn shirt\n\n\nTrouser:Embroidered lawn trouser\n\n\n \nDescription:\nElegance meets contrast in our black shalwar kameez with white embroidery. The deep, rich black fabric is exquisitely adorned with intricate white patterns, creating a striking ensemble that exudes timeless sophistication and modern charm. Perfect for making a statement at any occasion\nNote: \nActual colors may vary slightly from the image shown.\'', 'Regular price\n\n          Rs.3,199.00 PKR', '2025-04-06 15:16:18', 'text', NULL, NULL),
(448, 1, 'red dress', '\'Zinnia Embroidered Suit 2pc\'', '\'Product Details:\nTwo-Piece Stitched:      \n\n\nShirt:Embroidered Marina shirt\n\n\nTrouser:Marina trouser\n\n\n \nDescription:\nChic teal embroidered suit in soft Marina fabric, combining warmth with a vibrant touch. Perfect for adding elegance to your winter wardrobe.\nNote: \nActual colors may vary slightly from the image shown.\'', 'Regular price\n\n          Rs.4,999.00 PKR', '2025-04-06 15:16:18', 'text', NULL, NULL),
(449, 1, 'red dress', '\'Zeena Embroidered Suit - 2pc\'', '\'Product Details:\nTwo-Piece Stitched:      \n\n\nShirt:Embroidered marina shirt\n\n\nTrouser:Embroidered marina trouser\n\n\n \nDescription:\nElegant dark-blue embroidered suit in soft Marina fabric, combining cozy warmth with timeless sophistication for winter style.\nNote: \nActual colors may vary slightly from the image shown.\'', 'Regular price\n\n          Rs.5,299.00 PKR', '2025-04-06 15:16:18', 'text', NULL, NULL),
(450, 1, 'red dress', '\'Zaria - Embroidered Dupatta\'', '\'Product Details:\nBlack chiffon dupatta accentuated with minimal embroidery.\nNote: \n Actual colors may vary slightly from the image shown.\'', 'Regular price\n\n          Rs.1,499.00 PKR', '2025-04-06 15:16:18', 'text', NULL, NULL),
(451, 1, 'Image Search', '\'Zaria - Embroidered Dupatta\'', '\'Product Details:\nBlack chiffon dupatta accentuated with minimal embroidery.\nNote: \n Actual colors may vary slightly from the image shown.\'', 'Regular price\n\n          Rs.1,499.00 PKR', '2025-04-06 15:16:41', 'image', 'contactusmentalhealth.jpg', NULL),
(452, 1, 'Image Search', '\'Eraya - 2pc/3pc Embroidered Suit\'', '\'Product Details:\nColor:\n\nTeal\n\nTwo-Piece Stitched:\n\n\nShirt:Embroidered lawn shirt\n\n\nTrouser:Embroidered lawn trouser\n\n\n \nDescription:\nImmerse yourself in serene sophistication with our teal shalwar kameez, exquisitely embroidered with shades of teal and light blue. The intricate embroidery on shirt and sleeves adds a touch of artistry, making it ideal for any occasion where you wish to stand out with effortless grace and style.\nNote: \nActual colors may vary slightly from the image shown.\'', 'Regular price\n\n          Rs.2,750.00 PKR', '2025-04-06 15:16:41', 'image', 'contactusmentalhealth.jpg', NULL),
(453, 1, 'Image Search', '\'Shayna Embroidered Suit - 3pc\'', '\'Product Details:\nColor:\n\nTeal\n\nTwo-Piece Stitched:\n\n\nShirt:Embroidered Khaddar shirt\n\n\nTrouser:Khaddar trouser\n\n\n \nDescription:\nStunning teal embroidered suit in cozy Khaddar, paired with a beautifully embroidered organza dupatta. A perfect blend of warmth and elegance for winter.\nNote: \nActual colors may vary slightly from the image shown.\'', 'Regular price\n\n          Rs.6,999.00 PKR', '2025-04-06 15:16:41', 'image', 'contactusmentalhealth.jpg', NULL),
(454, 1, 'Image Search', '\'Black Embroidered Dupatta\'', '\'Product Details:\nBlack organza dupatta accentuated with beautiful white embroidery.\nNote: \n Actual colors may vary slightly from the image shown.\'', 'Regular price\n\n          Rs.1,199.00 PKR', '2025-04-06 15:16:41', 'image', 'contactusmentalhealth.jpg', NULL),
(455, 1, 'Image Search', '\'Zoe - Embroidered Dupatta\'', '\'Product Details:\nWhite Chiffon dupatta accentuated with minimal black embroidery.\nNote: \n Actual colors may vary slightly from the image shown.\'', 'Regular price\n\n          Rs.1,499.00 PKR', '2025-04-06 15:16:41', 'image', 'contactusmentalhealth.jpg', NULL),
(456, 5, 'zazazaz', '\'Zoe - Embroidered Dupatta\'', '\'Product Details:\nWhite Chiffon dupatta accentuated with minimal black embroidery.\nNote: \n Actual colors may vary slightly from the image shown.\'', 'Regular price\n\n          Rs.1,499.00 PKR', '2025-04-06 15:38:00', 'text', NULL, NULL),
(457, 5, 'zazazaz', '\'Zoe - 2pc/3pc Embroidered Suit\'', '\'Product Details:\nColor:\n\nBlack\n\nTwo-Piece Stitched:\n\n\nShirt:Embroidered lawn shirt\n\n\nTrouser:Embroidered lawn trouser\n\n\n \nDescription:\nElegance meets contrast in our black shalwar kameez with white embroidery. The deep, rich black fabric is exquisitely adorned with intricate white patterns, creating a striking ensemble that exudes timeless sophistication and modern charm. Perfect for making a statement at any occasion\nNote: \nActual colors may vary slightly from the image shown.\'', 'Regular price\n\n          Rs.3,199.00 PKR', '2025-04-06 15:38:00', 'text', NULL, NULL),
(458, 5, 'zazazaz', '\'Zinnia Embroidered Suit 2pc\'', '\'Product Details:\nTwo-Piece Stitched:      \n\n\nShirt:Embroidered Marina shirt\n\n\nTrouser:Marina trouser\n\n\n \nDescription:\nChic teal embroidered suit in soft Marina fabric, combining warmth with a vibrant touch. Perfect for adding elegance to your winter wardrobe.\nNote: \nActual colors may vary slightly from the image shown.\'', 'Regular price\n\n          Rs.4,999.00 PKR', '2025-04-06 15:38:00', 'text', NULL, NULL),
(459, 5, 'zazazaz', '\'Zeena Embroidered Suit - 2pc\'', '\'Product Details:\nTwo-Piece Stitched:      \n\n\nShirt:Embroidered marina shirt\n\n\nTrouser:Embroidered marina trouser\n\n\n \nDescription:\nElegant dark-blue embroidered suit in soft Marina fabric, combining cozy warmth with timeless sophistication for winter style.\nNote: \nActual colors may vary slightly from the image shown.\'', 'Regular price\n\n          Rs.5,299.00 PKR', '2025-04-06 15:38:00', 'text', NULL, NULL),
(460, 5, 'zazazaz', '\'Zaria - Embroidered Dupatta\'', '\'Product Details:\nBlack chiffon dupatta accentuated with minimal embroidery.\nNote: \n Actual colors may vary slightly from the image shown.\'', 'Regular price\n\n          Rs.1,499.00 PKR', '2025-04-06 15:38:00', 'text', NULL, NULL),
(461, 5, 'Image Search', '\'Zeena Embroidered Suit - 2pc\'', '\'Product Details:\nTwo-Piece Stitched:      \n\n\nShirt:Embroidered marina shirt\n\n\nTrouser:Embroidered marina trouser\n\n\n \nDescription:\nElegant dark-blue embroidered suit in soft Marina fabric, combining cozy warmth with timeless sophistication for winter style.\nNote: \nActual colors may vary slightly from the image shown.\'', 'Regular price\n\n          Rs.5,299.00 PKR', '2025-04-06 15:38:12', 'image', 'consultant-comforting-a-client-wjsyturn4whjmx5l.jpg', NULL),
(462, 5, 'Image Search', '\'Zinnia Embroidered Suit 2pc\'', '\'Product Details:\nTwo-Piece Stitched:      \n\n\nShirt:Embroidered Marina shirt\n\n\nTrouser:Marina trouser\n\n\n \nDescription:\nChic teal embroidered suit in soft Marina fabric, combining warmth with a vibrant touch. Perfect for adding elegance to your winter wardrobe.\nNote: \nActual colors may vary slightly from the image shown.\'', 'Regular price\n\n          Rs.4,999.00 PKR', '2025-04-06 15:38:12', 'image', 'consultant-comforting-a-client-wjsyturn4whjmx5l.jpg', NULL),
(463, 5, 'Image Search', '\'Parisa Embroidered Suit - 2 pc\'', '\'Product Details:\nTwo-Piece Stitched:\n\n\nShirt:Embroidered marina shirt\n\n\nTrouser:Marina trouser \n\nDescription:\nElegant black embroidered suit in luxurious Marina fabric, blending warmth with intricate artistry. A timeless choice for sophisticated winter wear, crafted to leave a lasting impression.\n Note: \nActual colors may vary slightly from the image shown.\'', 'Regular price\n\n          Rs.6,499.00 PKR', '2025-04-06 15:38:12', 'image', 'consultant-comforting-a-client-wjsyturn4whjmx5l.jpg', NULL),
(464, 5, 'Image Search', '\'Deena - Dupatta\'', '\'Product Details:\nGrey Chiffon dupatta beautifully accentuated. \nNote:\n Actual colors may vary slightly from the image shown.\'', 'Regular price\n\n          Rs.1,299.00 PKR', '2025-04-06 15:38:12', 'image', 'consultant-comforting-a-client-wjsyturn4whjmx5l.jpg', NULL),
(465, 5, 'Image Search', '\'Black Embroidered Dupatta\'', '\'Product Details:\nBlack organza dupatta accentuated with beautiful white embroidery.\nNote: \n Actual colors may vary slightly from the image shown.\'', 'Regular price\n\n          Rs.1,199.00 PKR', '2025-04-06 15:38:12', 'image', 'consultant-comforting-a-client-wjsyturn4whjmx5l.jpg', NULL),
(466, 1, 'black dress', '\'Black Bird - 2pc Embroidered Suit\'', '\'Product Details:\nTwo-Piece Stitched:\n\n\nShirt:Embroidered lawn shirt\n\n\nTrouser:Embroidered lawn trouser\n\n\n \nDescription:\nElevate your elegance with our black-on-black embroidered shalwar kameez. This stunning ensemble features intricate black embroidery on luxurious black fabric, creating a subtle yet sophisticated look. Perfect for any occasion, this outfit exudes timeless grace and modern allure, making a powerful statement with its understated beauty.\nNote: \nActual colors may vary slightly from the image shown.\'', 'Regular price\n\n          Rs.3,350.00 PKR', '2025-04-08 10:15:39', 'text', NULL, NULL),
(467, 1, 'black dress', '\'Zoe - 2pc/3pc Embroidered Suit\'', '\'Product Details:\nColor:\n\nBlack\n\nTwo-Piece Stitched:\n\n\nShirt:Embroidered lawn shirt\n\n\nTrouser:Embroidered lawn trouser\n\n\n \nDescription:\nElegance meets contrast in our black shalwar kameez with white embroidery. The deep, rich black fabric is exquisitely adorned with intricate white patterns, creating a striking ensemble that exudes timeless sophistication and modern charm. Perfect for making a statement at any occasion\nNote: \nActual colors may vary slightly from the image shown.\'', 'Regular price\n\n          Rs.3,199.00 PKR', '2025-04-08 10:15:39', 'text', NULL, NULL),
(468, 1, 'black dress', '\'Zaria - Embroidered Dupatta\'', '\'Product Details:\nBlack chiffon dupatta accentuated with minimal embroidery.\nNote: \n Actual colors may vary slightly from the image shown.\'', 'Regular price\n\n          Rs.1,499.00 PKR', '2025-04-08 10:15:39', 'text', NULL, NULL),
(469, 1, 'black dress', '\'White Embroidered Dupatta\'', '\'Product Details:\nWhite organza dupatta accentuated with beautiful black embroidery.\nNote: \n Actual colors may vary slightly from the image shown.\'', 'Regular price\n\n          Rs.1,150.00 PKR', '2025-04-08 10:15:39', 'text', NULL, NULL),
(470, 1, 'black dress', '\'Black Embroidered Dupatta\'', '\'Product Details:\nBlack organza dupatta accentuated with beautiful white embroidery.\nNote: \n Actual colors may vary slightly from the image shown.\'', 'Regular price\n\n          Rs.1,199.00 PKR', '2025-04-08 10:15:39', 'text', NULL, NULL),
(471, 1, 'Image Search', '\'Green Embroidered Dupatta\'', '\'Product Details:\nGreen organza dupatta accentuated with beautiful embroidery.\nNote: \n Actual colors may vary slightly from the image shown.\'', 'Regular price\n\n          Rs.1,150.00 PKR', '2025-04-08 10:16:16', 'image', '3892061-removebg-preview.png', NULL),
(472, 1, 'Image Search', '\'Black Embroidered Dupatta\'', '\'Product Details:\nBlack organza dupatta accentuated with beautiful white embroidery.\nNote: \n Actual colors may vary slightly from the image shown.\'', 'Regular price\n\n          Rs.1,199.00 PKR', '2025-04-08 10:16:16', 'image', '3892061-removebg-preview.png', NULL),
(473, 1, 'Image Search', '\'Zaria - Embroidered Dupatta\'', '\'Product Details:\nBlack chiffon dupatta accentuated with minimal embroidery.\nNote: \n Actual colors may vary slightly from the image shown.\'', 'Regular price\n\n          Rs.1,499.00 PKR', '2025-04-08 10:16:16', 'image', '3892061-removebg-preview.png', NULL),
(474, 1, 'Image Search', '\'Deena - Dupatta\'', '\'Product Details:\nGrey Chiffon dupatta beautifully accentuated. \nNote:\n Actual colors may vary slightly from the image shown.\'', 'Regular price\n\n          Rs.1,299.00 PKR', '2025-04-08 10:16:16', 'image', '3892061-removebg-preview.png', NULL),
(475, 1, 'Image Search', '\'White Embroidered Dupatta\'', '\'Product Details:\nWhite organza dupatta accentuated with beautiful black embroidery.\nNote: \n Actual colors may vary slightly from the image shown.\'', 'Regular price\n\n          Rs.1,150.00 PKR', '2025-04-08 10:16:16', 'image', '3892061-removebg-preview.png', NULL);

-- --------------------------------------------------------

--
-- Table structure for table `users`
--

CREATE TABLE `users` (
  `id` int(11) NOT NULL,
  `username` varchar(50) NOT NULL,
  `email` varchar(100) NOT NULL,
  `password` varchar(255) NOT NULL
) ENGINE=InnoDB DEFAULT CHARSET=utf8;

--
-- Dumping data for table `users`
--

INSERT INTO `users` (`id`, `username`, `email`, `password`) VALUES
(1, 'ss', 'ss@gmail.com', 'ss'),
(2, 'aa', 'aa@gmail.com', 'aa'),
(3, 'Ahmer_khan', 'khanahsan6112010@gmail.com', '12345678'),
(4, 'vv', 'vv@gmail.com', 'vv'),
(5, 'zz', 'zz@gmail.com', 'zz'),
(6, 'Ahmer khan', 'khanahmer526@gmail.com', '12345678');

-- --------------------------------------------------------

--
-- Table structure for table `user_details`
--

CREATE TABLE `user_details` (
  `User_id` int(11) NOT NULL,
  `user_name` varchar(50) NOT NULL,
  `user_password` varchar(50) NOT NULL,
  `Email` varchar(45) NOT NULL,
  `user_searched_prompt` varchar(100) DEFAULT NULL
) ENGINE=InnoDB DEFAULT CHARSET=utf8mb4;

-- --------------------------------------------------------

--
-- Table structure for table `user_history`
--

CREATE TABLE `user_history` (
  `User_history_id` int(11) NOT NULL,
  `User_history_of_prompt` varchar(255) NOT NULL,
  `User_history_of_images` mediumblob NOT NULL,
  `User_id` int(11) NOT NULL,
  `Product_id` int(11) NOT NULL
) ENGINE=InnoDB DEFAULT CHARSET=utf8mb4;

--
-- Indexes for dumped tables
--

--
-- Indexes for table `products`
--
ALTER TABLE `products`
  ADD PRIMARY KEY (`id`);

--
-- Indexes for table `product_description`
--
ALTER TABLE `product_description`
  ADD UNIQUE KEY `Product_link_UNIQUE` (`Product_link`),
  ADD KEY `Product_link` (`Product_link`);

--
-- Indexes for table `product_detail`
--
ALTER TABLE `product_detail`
  ADD PRIMARY KEY (`Product_id`,`Product_link`),
  ADD UNIQUE KEY `Product_id_UNIQUE` (`Product_id`),
  ADD UNIQUE KEY `Product_link_UNIQUE` (`Product_link`);

--
-- Indexes for table `search_history`
--
ALTER TABLE `search_history`
  ADD PRIMARY KEY (`id`),
  ADD KEY `user_id` (`user_id`);

--
-- Indexes for table `users`
--
ALTER TABLE `users`
  ADD PRIMARY KEY (`id`),
  ADD UNIQUE KEY `username` (`username`),
  ADD UNIQUE KEY `email` (`email`);

--
-- Indexes for table `user_details`
--
ALTER TABLE `user_details`
  ADD PRIMARY KEY (`User_id`),
  ADD UNIQUE KEY `User_id_UNIQUE` (`User_id`),
  ADD UNIQUE KEY `user_password_UNIQUE` (`user_password`),
  ADD UNIQUE KEY `Email_UNIQUE` (`Email`);

--
-- Indexes for table `user_history`
--
ALTER TABLE `user_history`
  ADD PRIMARY KEY (`User_history_id`),
  ADD UNIQUE KEY `User_history_id_UNIQUE` (`User_history_id`),
  ADD KEY `fk_User_id_idx` (`User_id`),
  ADD KEY `fk_Product_id_idx` (`Product_id`);

--
-- AUTO_INCREMENT for dumped tables
--

--
-- AUTO_INCREMENT for table `products`
--
ALTER TABLE `products`
  MODIFY `id` int(11) NOT NULL AUTO_INCREMENT;

--
-- AUTO_INCREMENT for table `product_detail`
--
ALTER TABLE `product_detail`
  MODIFY `Product_id` int(11) NOT NULL AUTO_INCREMENT, AUTO_INCREMENT=118;

--
-- AUTO_INCREMENT for table `search_history`
--
ALTER TABLE `search_history`
  MODIFY `id` int(11) NOT NULL AUTO_INCREMENT, AUTO_INCREMENT=476;

--
-- AUTO_INCREMENT for table `users`
--
ALTER TABLE `users`
  MODIFY `id` int(11) NOT NULL AUTO_INCREMENT, AUTO_INCREMENT=7;

--
-- AUTO_INCREMENT for table `user_history`
--
ALTER TABLE `user_history`
  MODIFY `User_history_id` int(11) NOT NULL AUTO_INCREMENT;

--
-- Constraints for dumped tables
--

--
-- Constraints for table `product_description`
--
ALTER TABLE `product_description`
  ADD CONSTRAINT `product_description_ibfk_1` FOREIGN KEY (`Product_link`) REFERENCES `product_detail` (`Product_link`) ON DELETE CASCADE ON UPDATE CASCADE;

--
-- Constraints for table `search_history`
--
ALTER TABLE `search_history`
  ADD CONSTRAINT `search_history_ibfk_1` FOREIGN KEY (`user_id`) REFERENCES `users` (`id`) ON DELETE CASCADE;

--
-- Constraints for table `user_history`
--
ALTER TABLE `user_history`
  ADD CONSTRAINT `fk_Product_id` FOREIGN KEY (`Product_id`) REFERENCES `product_detail` (`Product_id`) ON DELETE CASCADE ON UPDATE CASCADE,
  ADD CONSTRAINT `fk_User_id` FOREIGN KEY (`User_id`) REFERENCES `user_details` (`User_id`) ON DELETE CASCADE ON UPDATE CASCADE;
COMMIT;

/*!40101 SET CHARACTER_SET_CLIENT=@OLD_CHARACTER_SET_CLIENT */;
/*!40101 SET CHARACTER_SET_RESULTS=@OLD_CHARACTER_SET_RESULTS */;
/*!40101 SET COLLATION_CONNECTION=@OLD_COLLATION_CONNECTION */;
